"feature_set","factor","pval","padj","sign","view"
"GOBP_NUCLEOSIDE_BISPHOSPHATE_METABOLIC_PROCESS","Factor1",2.47728432275175e-06,0.00281171770632324,"negative","Transcriptomics"
"GOMF_EXTRACELLULAR_MATRIX_STRUCTURAL_CONSTITUENT","Factor1",1.45022584148433e-06,0.00281171770632324,"negative","Transcriptomics"
"GOMF_EXTRACELLULAR_MATRIX_STRUCTURAL_CONSTITUENT_CONFERRING_TENSILE_STRENGTH","Factor1",1.93652875899317e-06,0.00281171770632324,"negative","Transcriptomics"
"GOCC_ENDOPLASMIC_RETICULUM_LUMEN","Factor1",1.1502252636842e-05,0.00979129255711177,"negative","Transcriptomics"
"GOBP_THIOESTER_METABOLIC_PROCESS","Factor1",1.5458527784406e-05,0.0105272574211805,"negative","Transcriptomics"
"GOBP_NUCLEOSIDE_BISPHOSPHATE_BIOSYNTHETIC_PROCESS","Factor1",3.97890777434013e-05,0.0208032346096259,"negative","Transcriptomics"
"GOMF_COLLAGEN_BINDING","Factor1",4.27672958200826e-05,0.0208032346096259,"negative","Transcriptomics"
"GOBP_NEGATIVE_REGULATION_OF_PEPTIDYL_SERINE_PHOSPHORYLATION","Factor1",5.76373074718091e-05,0.0225601277157461,"negative","Transcriptomics"
"GOCC_COLLAGEN_TRIMER","Factor1",6.01347199977561e-05,0.0225601277157461,"negative","Transcriptomics"
"GOCC_COMPLEX_OF_COLLAGEN_TRIMERS","Factor1",6.62558816908842e-05,0.0225601277157461,"negative","Transcriptomics"
"GOBP_INTERFERON_MEDIATED_SIGNALING_PATHWAY","Factor1",1.40308849788185e-05,0.0228518395530212,"positive","Transcriptomics"
"GOBP_NUCLEOTIDE_SUGAR_METABOLIC_PROCESS","Factor1",2.68450391224919e-05,0.0228518395530212,"positive","Transcriptomics"
"GOBP_REGULATION_OF_IMMUNE_RESPONSE","Factor1",1.04158056364175e-05,0.0228518395530212,"positive","Transcriptomics"
"GOCC_PIGMENT_GRANULE","Factor1",2.43838344918762e-05,0.0228518395530212,"positive","Transcriptomics"
"GOBP_CHONDROITIN_SULFATE_PROTEOGLYCAN_BIOSYNTHETIC_PROCESS","Factor1",4.31707781529077e-05,0.0244994166017751,"positive","Transcriptomics"
"GOBP_REGULATION_OF_RESPONSE_TO_BIOTIC_STIMULUS","Factor1",3.72480558721179e-05,0.0244994166017751,"positive","Transcriptomics"
"GOBP_SARCOPLASMIC_RETICULUM_CALCIUM_ION_TRANSPORT","Factor1",9.49618697325046e-05,0.0293950151308344,"negative","Transcriptomics"
"GOBP_NEGATIVE_REGULATION_OF_RESPONSE_TO_BIOTIC_STIMULUS","Factor1",7.38492015860256e-05,0.0314320664250522,"positive","Transcriptomics"
"GOBP_REGULATION_OF_GRANULOCYTE_CHEMOTAXIS","Factor1",6.85828120896618e-05,0.0314320664250522,"positive","Transcriptomics"
"GOBP_NATURAL_KILLER_CELL_MEDIATED_IMMUNITY","Factor1",0.000103666349810854,0.0385472489239792,"positive","Transcriptomics"
"GOCC_NUCLEAR_PROTEIN_CONTAINING_COMPLEX","Factor1",0.000113207779512421,0.0385472489239792,"positive","Transcriptomics"
"GOCC_FIBRILLAR_COLLAGEN_TRIMER","Factor1",0.000180407465767387,0.0435407234789995,"negative","Transcriptomics"
"GOMF_COLLAGEN_BINDING","Factor10",1.8724241894271e-07,0.000637560436499926,"positive","Transcriptomics"
"GOBP_TRIGLYCERIDE_METABOLIC_PROCESS","Factor10",5.20599950372321e-06,0.0177264283101775,"negative","Transcriptomics"
"GOBP_ASPARTATE_TRANSMEMBRANE_TRANSPORT","Factor10",8.46472254871372e-05,0.0457589843919947,"negative","Transcriptomics"
"GOBP_GLYCEROLIPID_METABOLIC_PROCESS","Factor10",6.40444092629857e-05,0.0457589843919947,"negative","Transcriptomics"
"GOBP_L_AMINO_ACID_TRANSPORT","Factor10",8.4879253576982e-05,0.0457589843919947,"negative","Transcriptomics"
"GOBP_NEUTRAL_LIPID_METABOLIC_PROCESS","Factor10",9.40713335518246e-05,0.0457589843919947,"negative","Transcriptomics"
"GOBP_PLATELET_AGGREGATION","Factor10",5.55926144607722e-05,0.0457589843919947,"negative","Transcriptomics"
"GOBP_REGULATION_OF_RHO_PROTEIN_SIGNAL_TRANSDUCTION","Factor10",6.76563509199682e-05,0.0457589843919947,"negative","Transcriptomics"
"GOBP_AMINO_ACID_TRANSMEMBRANE_TRANSPORT","Factor10",0.000113105036224227,0.0481403310429368,"negative","Transcriptomics"
"GOCC_NON_MOTILE_CILIUM","Factor2",1.44905536778641e-07,0.000493403352731273,"negative","Transcriptomics"
"GOCC_PHOTORECEPTOR_OUTER_SEGMENT","Factor2",3.62955450363573e-07,0.000617931654243983,"negative","Transcriptomics"
"GOMF_HORMONE_BINDING","Factor2",1.04647257977938e-06,0.0011877463780496,"negative","Transcriptomics"
"GOCC_9PLUS0_NON_MOTILE_CILIUM","Factor2",1.9355735501466e-06,0.00164765698456229,"negative","Transcriptomics"
"GOBP_ARACHIDONIC_ACID_METABOLIC_PROCESS","Factor2",7.03468446405585e-06,0.00479062012002203,"negative","Transcriptomics"
"RUBENSTEIN_SKELETAL_MUSCLE_SMOOTH_MUSCLE_CELLS","Factor2",1.05790270265057e-05,0.006003597837542,"negative","Transcriptomics"
"GOBP_NEGATIVE_REGULATION_OF_DEVELOPMENTAL_GROWTH","Factor2",2.19477406001973e-06,0.00747320567436718,"positive","Transcriptomics"
"GOCC_MYELIN_SHEATH","Factor2",9.83558116743066e-06,0.0167450769375507,"positive","Transcriptomics"
"GOCC_RESPIRASOME","Factor2",6.28782502291284e-05,0.0305857774328832,"negative","Transcriptomics"
"GOBP_T_CELL_CYTOKINE_PRODUCTION","Factor2",3.04555857417322e-05,0.034567089816866,"positive","Transcriptomics"
"GOBP_ATP_BIOSYNTHETIC_PROCESS","Factor2",0.000114790480665221,0.0488576983331349,"negative","Transcriptomics"
"GOMF_EXTRACELLULAR_MATRIX_STRUCTURAL_CONSTITUENT_CONFERRING_COMPRESSION_RESISTANCE","Factor3",1.23995996437844e-07,0.000422206367870858,"negative","Transcriptomics"
"GOMF_EXTRACELLULAR_MATRIX_STRUCTURAL_CONSTITUENT","Factor3",4.65260483128408e-07,0.000792105972526114,"negative","Transcriptomics"
"RUBENSTEIN_SKELETAL_MUSCLE_FBN1_FAP_CELLS","Factor3",1.40843470166313e-06,0.00159857338638765,"negative","Transcriptomics"
"GOBP_AMINOGLYCAN_BIOSYNTHETIC_PROCESS","Factor3",2.43989961832267e-06,0.00448666497246654,"positive","Transcriptomics"
"GOBP_CARDIAC_MUSCLE_CELL_ACTION_POTENTIAL_INVOLVED_IN_CONTRACTION","Factor3",3.40832652699088e-06,0.00448666497246654,"positive","Transcriptomics"
"GOBP_DOPAMINE_RECEPTOR_SIGNALING_PATHWAY","Factor3",6.58834797719022e-06,0.00448666497246654,"positive","Transcriptomics"
"GOBP_LYMPH_VESSEL_DEVELOPMENT","Factor3",5.79610488453183e-06,0.00448666497246654,"positive","Transcriptomics"
"GOMF_ACETYLGLUCOSAMINYLTRANSFERASE_ACTIVITY","Factor3",4.22452377148975e-06,0.00448666497246654,"positive","Transcriptomics"
"GOBP_ATRIAL_CARDIAC_MUSCLE_CELL_TO_AV_NODE_CELL_COMMUNICATION","Factor3",1.26713239353666e-05,0.00719097633332054,"positive","Transcriptomics"
"GOBP_NOTCH_SIGNALING_PATHWAY","Factor3",3.47792835644467e-05,0.016917637219563,"positive","Transcriptomics"
"GOBP_AMINOGLYCAN_METABOLIC_PROCESS","Factor3",4.02657532571925e-05,0.0171381112300926,"positive","Transcriptomics"
"GOBP_LUNG_ALVEOLUS_DEVELOPMENT","Factor3",5.61611976786322e-05,0.0212476531217492,"positive","Transcriptomics"
"GOBP_CARDIAC_MUSCLE_CELL_CONTRACTION","Factor3",7.8877193501087e-05,0.0268576843871201,"positive","Transcriptomics"
"GOCC_I_BAND","Factor3",0.000115003177681363,0.035598710909549,"positive","Transcriptomics"
"GOBP_REGULATION_OF_HEART_CONTRACTION","Factor3",0.000128950225071608,0.0357477440796553,"positive","Transcriptomics"
"GOMF_ACTININ_BINDING","Factor3",0.00013648184230118,0.0357477440796553,"positive","Transcriptomics"
"GOCC_LAMELLIPODIUM_MEMBRANE","Factor3",4.6587056783974e-05,0.0396572320873579,"negative","Transcriptomics"
"GOBP_O_GLYCAN_PROCESSING","Factor3",0.000180434293162749,0.0438841977299399,"positive","Transcriptomics"
"GOMF_ISOMERASE_ACTIVITY","Factor3",8.43385845219197e-05,0.0478621467161894,"negative","Transcriptomics"
"RUBENSTEIN_SKELETAL_MUSCLE_FAP_CELLS","Factor3",7.14789889375527e-05,0.0478621467161894,"negative","Transcriptomics"
"GOBP_RESPONSE_TO_DOPAMINE","Factor3",0.000212843949360058,0.0483155765047333,"positive","Transcriptomics"
"GOBP_MUSCLE_STRUCTURE_DEVELOPMENT","Factor4",5.85434778536697e-08,9.96702710458727e-05,"negative","Transcriptomics"
"GOBP_MUSCLE_TISSUE_DEVELOPMENT","Factor4",4.11488411098766e-08,9.96702710458727e-05,"negative","Transcriptomics"
"GOBP_MUSCLE_ORGAN_DEVELOPMENT","Factor4",1.57677426412572e-07,0.000178963878978269,"negative","Transcriptomics"
"GOBP_MYOBLAST_DIFFERENTIATION","Factor4",8.01833831016123e-06,0.00682561048652474,"negative","Transcriptomics"
"GOBP_INTEGRATED_STRESS_RESPONSE_SIGNALING","Factor4",1.76316978477871e-05,0.0100059885286192,"negative","Transcriptomics"
"GOBP_MITOCHONDRION_LOCALIZATION","Factor4",1.54853387991865e-05,0.0100059885286192,"negative","Transcriptomics"
"GOBP_SKELETAL_MUSCLE_CELL_DIFFERENTIATION","Factor4",4.94182259310808e-05,0.0210336324119163,"negative","Transcriptomics"
"GOBP_VENTRICULAR_CARDIAC_MUSCLE_TISSUE_DEVELOPMENT","Factor4",4.75318512036293e-05,0.0210336324119163,"negative","Transcriptomics"
"GOBP_STRIATED_MUSCLE_CELL_DIFFERENTIATION","Factor4",6.08040752670657e-05,0.0230042084760399,"negative","Transcriptomics"
"GOBP_STRIATED_MUSCLE_TISSUE_DEVELOPMENT","Factor4",8.22880632202793e-05,0.0254718959331864,"negative","Transcriptomics"
"GOCC_CONTRACTILE_FIBER","Factor4",7.54078583614458e-05,0.0254718959331864,"negative","Transcriptomics"
"GOBP_CHAPERONE_MEDIATED_PROTEIN_FOLDING","Factor4",0.000105399097309448,0.0299069938615558,"negative","Transcriptomics"
"GOMF_UNFOLDED_PROTEIN_BINDING","Factor4",0.000114739897654628,0.030053027039539,"negative","Transcriptomics"
"GOBP_CELLULAR_RESPONSE_TO_PEPTIDE","Factor4",0.000134367412529126,0.0326800742615482,"negative","Transcriptomics"
"GOBP_RESPONSE_TO_TOPOLOGICALLY_INCORRECT_PROTEIN","Factor4",0.000165859060512399,0.0353823185989627,"negative","Transcriptomics"
"GOBP_SARCOMERE_ORGANIZATION","Factor4",0.000166260527924641,0.0353823185989627,"negative","Transcriptomics"
"GOMF_INTRAMOLECULAR_OXIDOREDUCTASE_ACTIVITY","Factor4",1.20533483389207e-05,0.0410416510940251,"positive","Transcriptomics"
"GOBP_MUSCLE_CELL_DIFFERENTIATION","Factor4",0.000206904206101675,0.0414416953986002,"negative","Transcriptomics"
"GOMF_COLLAGEN_BINDING","Factor5",1.02038230849298e-16,3.4744017604186e-13,"positive","Transcriptomics"
"GOCC_COLLAGEN_CONTAINING_EXTRACELLULAR_MATRIX","Factor5",3.46488824847632e-14,5.89897224303094e-11,"positive","Transcriptomics"
"GOMF_EXTRACELLULAR_MATRIX_STRUCTURAL_CONSTITUENT","Factor5",2.78243424531489e-12,3.1580628684324e-09,"positive","Transcriptomics"
"RUBENSTEIN_SKELETAL_MUSCLE_FAP_CELLS","Factor5",2.42178111551701e-11,2.06154117458386e-08,"positive","Transcriptomics"
"GOCC_EXTERNAL_ENCAPSULATING_STRUCTURE","Factor5",3.52991547236982e-11,2.40387243668385e-08,"positive","Transcriptomics"
"RUBENSTEIN_SKELETAL_MUSCLE_FBN1_FAP_CELLS","Factor5",6.68398959164183e-11,3.79316409325674e-08,"positive","Transcriptomics"
"GOCC_ENDOPLASMIC_RETICULUM_LUMEN","Factor5",2.46164033476343e-09,1.19741219140993e-06,"positive","Transcriptomics"
"GOBP_EXTERNAL_ENCAPSULATING_STRUCTURE_ORGANIZATION","Factor5",5.15880406624933e-09,2.19571598069737e-06,"positive","Transcriptomics"
"GOBP_COLLAGEN_FIBRIL_ORGANIZATION","Factor5",6.76934872579115e-08,2.56107026792432e-05,"positive","Transcriptomics"
"GOBP_RETINOL_METABOLIC_PROCESS","Factor5",2.31991798120922e-07,7.47843175338631e-05,"positive","Transcriptomics"
"GOCC_COLLAGEN_TRIMER","Factor5",2.4159397734875e-07,7.47843175338631e-05,"positive","Transcriptomics"
"GOMF_EXTRACELLULAR_MATRIX_STRUCTURAL_CONSTITUENT_CONFERRING_TENSILE_STRENGTH","Factor5",5.13760172772047e-06,0.00145779449024068,"positive","Transcriptomics"
"GOBP_PHOSPHATIDIC_ACID_METABOLIC_PROCESS","Factor5",6.61542582188983e-06,0.00173273268642576,"positive","Transcriptomics"
"GOMF_STRUCTURAL_MOLECULE_ACTIVITY","Factor5",9.11181974218669e-06,0.00221612473015326,"positive","Transcriptomics"
"GOBP_TERPENOID_METABOLIC_PROCESS","Factor5",1.25222680580979e-05,0.00284255484918823,"positive","Transcriptomics"
"GOCC_FIBRILLAR_COLLAGEN_TRIMER","Factor5",2.02973389759077e-05,0.00431952745081035,"positive","Transcriptomics"
"GOCC_BASEMENT_MEMBRANE","Factor5",2.32241863514316e-05,0.00465166791333085,"positive","Transcriptomics"
"GOBP_PRIMARY_ALCOHOL_METABOLIC_PROCESS","Factor5",4.75260405112051e-05,0.00899034266336963,"positive","Transcriptomics"
"GOMF_GLYCOSAMINOGLYCAN_BINDING","Factor5",0.000104356563934307,0.0187017947471745,"positive","Transcriptomics"
"GOMF_HYDROLASE_ACTIVITY_ACTING_ON_CARBON_NITROGEN_BUT_NOT_PEPTIDE_BONDS_IN_LINEAR_AMIDES","Factor5",0.000137867712642199,0.0234719780773343,"positive","Transcriptomics"
"GOBP_FC_RECEPTOR_MEDIATED_STIMULATORY_SIGNALING_PATHWAY","Factor5",2.21058098342263e-05,0.0434186241727674,"negative","Transcriptomics"
"GOBP_POSITIVE_REGULATION_OF_PROTEIN_TYROSINE_KINASE_ACTIVITY","Factor5",2.55028629502305e-05,0.0434186241727674,"negative","Transcriptomics"
"GOMF_EXTRACELLULAR_MATRIX_BINDING","Factor5",0.00028792891327942,0.0443419355970693,"positive","Transcriptomics"
"GOMF_HEPARIN_BINDING","Factor5",0.000299519682447164,0.0443419355970693,"positive","Transcriptomics"
"GOCC_COLLAGEN_CONTAINING_EXTRACELLULAR_MATRIX","Factor6",5.42505560972233e-47,1.84723143511045e-43,"positive","Transcriptomics"
"RUBENSTEIN_SKELETAL_MUSCLE_FBN1_FAP_CELLS","Factor6",1.04091324209452e-45,1.77215479466593e-42,"positive","Transcriptomics"
"GOCC_EXTERNAL_ENCAPSULATING_STRUCTURE","Factor6",1.71843677058633e-41,1.95042573461548e-38,"positive","Transcriptomics"
"GOMF_EXTRACELLULAR_MATRIX_STRUCTURAL_CONSTITUENT","Factor6",5.98991002610757e-36,5.09891090972407e-33,"positive","Transcriptomics"
"RUBENSTEIN_SKELETAL_MUSCLE_FAP_CELLS","Factor6",6.9196516691422e-33,4.71228278668584e-30,"positive","Transcriptomics"
"GOBP_EXTERNAL_ENCAPSULATING_STRUCTURE_ORGANIZATION","Factor6",9.30494853450408e-28,5.28055829333107e-25,"positive","Transcriptomics"
"GOBP_CELL_ADHESION","Factor6",9.4108053150271e-21,4.57768458538104e-18,"positive","Transcriptomics"
"GOCC_COLLAGEN_TRIMER","Factor6",6.91555826845613e-19,2.94343448801164e-16,"positive","Transcriptomics"
"GOCC_INNER_MITOCHONDRIAL_MEMBRANE_PROTEIN_COMPLEX","Factor6",4.90032103375762e-18,1.66855931199447e-14,"negative","Transcriptomics"
"GOBP_REGULATION_OF_CELL_ADHESION","Factor6",1.35881912534705e-16,5.14086569089636e-14,"positive","Transcriptomics"
"GOMF_STRUCTURAL_MOLECULE_ACTIVITY","Factor6",2.27989363912109e-16,7.76303784120732e-14,"positive","Transcriptomics"
"GOBP_COLLAGEN_FIBRIL_ORGANIZATION","Factor6",4.05221061972858e-16,1.2543433781978e-13,"positive","Transcriptomics"
"GOBP_REGULATION_OF_IMMUNE_SYSTEM_PROCESS","Factor6",1.17383334791061e-15,3.33075212469636e-13,"positive","Transcriptomics"
"GOBP_CELL_ACTIVATION","Factor6",1.09997257217299e-14,2.67529043446358e-12,"positive","Transcriptomics"
"GOBP_POSITIVE_REGULATION_OF_IMMUNE_SYSTEM_PROCESS","Factor6",1.08584100672738e-14,2.67529043446358e-12,"positive","Transcriptomics"
"GOMF_COLLAGEN_BINDING","Factor6",1.20486279534109e-14,2.73503854542427e-12,"positive","Transcriptomics"
"GOCC_ENDOPLASMIC_RETICULUM_LUMEN","Factor6",4.72400683410327e-14,1.0053277043826e-11,"positive","Transcriptomics"
"GOCC_MITOCHONDRIAL_PROTEIN_CONTAINING_COMPLEX","Factor6",3.11012539340412e-14,3.52999232151368e-11,"negative","Transcriptomics"
"GOCC_RESPIRASOME","Factor6",2.40558682741253e-14,3.52999232151368e-11,"negative","Transcriptomics"
"GOBP_OXIDATIVE_PHOSPHORYLATION","Factor6",4.17219603205466e-14,3.55158187228653e-11,"negative","Transcriptomics"
"GOBP_COLLAGEN_METABOLIC_PROCESS","Factor6",4.90091858939632e-13,9.81625164523204e-11,"positive","Transcriptomics"
"GOMF_GLYCOSAMINOGLYCAN_BINDING","Factor6",7.95123373191769e-13,1.50410838095443e-10,"positive","Transcriptomics"
"GOBP_POSITIVE_REGULATION_OF_CELL_ADHESION","Factor6",1.0070582118406e-12,1.80475432174592e-10,"positive","Transcriptomics"
"GOBP_ENDOCYTOSIS","Factor6",1.40478524925789e-12,2.39164688686156e-10,"positive","Transcriptomics"
"GOBP_LOCOMOTION","Factor6",2.01566776075058e-12,3.11970396607078e-10,"positive","Transcriptomics"
"GOBP_CELL_MOTILITY","Factor6",1.92462464678078e-12,3.11970396607078e-10,"positive","Transcriptomics"
"GOBP_CELL_ADHESION_MEDIATED_BY_INTEGRIN","Factor6",2.88548119551768e-12,4.2717667264077e-10,"positive","Transcriptomics"
"GOBP_LEUKOCYTE_CELL_CELL_ADHESION","Factor6",4.34885534298229e-12,6.16993851785612e-10,"positive","Transcriptomics"
"GOBP_PHAGOCYTOSIS","Factor6",6.66649422623358e-12,9.07976513613013e-10,"positive","Transcriptomics"
"GOCC_CELL_SURFACE","Factor6",7.84214510485381e-12,1.02701938777028e-09,"positive","Transcriptomics"
"GOBP_ATP_SYNTHESIS_COUPLED_ELECTRON_TRANSPORT","Factor6",2.49931986360059e-12,1.702036827112e-09,"negative","Transcriptomics"
"GOBP_LYMPHOCYTE_ACTIVATION","Factor6",2.15285241015419e-11,2.71498609502778e-09,"positive","Transcriptomics"
"GOBP_DEFENSE_RESPONSE","Factor6",2.49204759677262e-11,3.03050788107527e-09,"positive","Transcriptomics"
"GOCC_BASEMENT_MEMBRANE","Factor6",2.90134239928709e-11,3.40657616192157e-09,"positive","Transcriptomics"
"GOBP_LEUKOCYTE_MIGRATION","Factor6",4.2305659062227e-11,4.80169230356277e-09,"positive","Transcriptomics"
"GOBP_OSSIFICATION","Factor6",5.39698286842412e-11,5.92797634418843e-09,"positive","Transcriptomics"
"GOCC_SECRETORY_GRANULE","Factor6",5.96702278981342e-11,6.34928518728584e-09,"positive","Transcriptomics"
"GOBP_BONE_DEVELOPMENT","Factor6",1.07288288127207e-10,1.107020063858e-08,"positive","Transcriptomics"
"GOBP_POSITIVE_REGULATION_OF_LOCOMOTION","Factor6",1.53376278259705e-10,1.53601831610087e-08,"positive","Transcriptomics"
"GOBP_REGULATION_OF_CELL_CELL_ADHESION","Factor6",2.77769424633687e-10,2.62723580799362e-08,"positive","Transcriptomics"
"GOBP_REGULATION_OF_LEUKOCYTE_MIGRATION","Factor6",2.74912201659515e-10,2.62723580799362e-08,"positive","Transcriptomics"
"GOBP_CELL_SUBSTRATE_ADHESION","Factor6",3.11035090913097e-10,2.86236347178134e-08,"positive","Transcriptomics"
"GOMF_INTEGRIN_BINDING","Factor6",3.51057213565186e-10,3.14565740049857e-08,"positive","Transcriptomics"
"GOBP_LEUKOCYTE_DIFFERENTIATION","Factor6",4.36398548456144e-10,3.81009501921326e-08,"positive","Transcriptomics"
"GOBP_RESPIRATORY_ELECTRON_TRANSPORT_CHAIN","Factor6",8.79567518462702e-11,4.99154566727584e-08,"negative","Transcriptomics"
"GOMF_EXTRACELLULAR_MATRIX_STRUCTURAL_CONSTITUENT_CONFERRING_TENSILE_STRENGTH","Factor6",7.07374273092241e-10,6.0215234996977e-08,"positive","Transcriptomics"
"GOCC_PLATELET_ALPHA_GRANULE","Factor6",9.1226149051565e-10,7.39583422668045e-08,"positive","Transcriptomics"
"GOMF_SIGNALING_RECEPTOR_BINDING","Factor6",8.95980523273334e-10,7.39583422668045e-08,"positive","Transcriptomics"
"GOBP_AEROBIC_RESPIRATION","Factor6",1.5698901768531e-10,7.63639436026402e-08,"negative","Transcriptomics"
"GOBP_INFLAMMATORY_RESPONSE","Factor6",1.06868829563751e-09,8.46252010847843e-08,"positive","Transcriptomics"
"GOMF_OXIDOREDUCTION_DRIVEN_ACTIVE_TRANSMEMBRANE_TRANSPORTER_ACTIVITY","Factor6",2.26067199178562e-10,9.62198516503753e-08,"negative","Transcriptomics"
"GOMF_PEPTIDASE_REGULATOR_ACTIVITY","Factor6",1.69806007914639e-09,1.31406694761215e-07,"positive","Transcriptomics"
"GOBP_POSITIVE_REGULATION_OF_CELL_CELL_ADHESION","Factor6",2.03971438735111e-09,1.54338388642901e-07,"positive","Transcriptomics"
"GOBP_CELL_CELL_ADHESION","Factor6",2.28177758067438e-09,1.68901144830354e-07,"positive","Transcriptomics"
"GOBP_REGULATION_OF_CELL_ACTIVATION","Factor6",2.43074455690698e-09,1.76099685452516e-07,"positive","Transcriptomics"
"GOBP_BIOLOGICAL_PROCESS_INVOLVED_IN_INTERSPECIES_INTERACTION_BETWEEN_ORGANISMS","Factor6",2.74586617175682e-09,1.8699348629664e-07,"positive","Transcriptomics"
"GOBP_SUPRAMOLECULAR_FIBER_ORGANIZATION","Factor6",2.7163117611933e-09,1.8699348629664e-07,"positive","Transcriptomics"
"GOCC_SECRETORY_VESICLE","Factor6",2.67229362072214e-09,1.8699348629664e-07,"positive","Transcriptomics"
"GOMF_ELECTRON_TRANSFER_ACTIVITY","Factor6",6.67387373846572e-10,2.52494889771953e-07,"negative","Transcriptomics"
"GOBP_REGULATION_OF_LYMPHOCYTE_ACTIVATION","Factor6",6.17648293627549e-09,4.04440853808039e-07,"positive","Transcriptomics"
"GOBP_SKELETAL_SYSTEM_DEVELOPMENT","Factor6",6.0831848780831e-09,4.04440853808039e-07,"positive","Transcriptomics"
"GOBP_T_CELL_ACTIVATION","Factor6",6.95394351119948e-09,4.46758068974231e-07,"positive","Transcriptomics"
"GOBP_REGULATION_OF_IMMUNE_RESPONSE","Factor6",8.84960629484738e-09,5.58016841369543e-07,"positive","Transcriptomics"
"GOBP_ACTIVATION_OF_IMMUNE_RESPONSE","Factor6",9.6247893061522e-09,5.85694540441738e-07,"positive","Transcriptomics"
"GOBP_POSITIVE_REGULATION_OF_IMMUNE_RESPONSE","Factor6",9.63256806600214e-09,5.85694540441738e-07,"positive","Transcriptomics"
"GOBP_POSITIVE_REGULATION_OF_LEUKOCYTE_MIGRATION","Factor6",2.12100492667529e-08,1.26702136409287e-06,"positive","Transcriptomics"
"GOBP_CELL_MATRIX_ADHESION","Factor6",2.37697952336083e-08,1.39545090983511e-06,"positive","Transcriptomics"
"GOBP_POSITIVE_REGULATION_OF_MULTICELLULAR_ORGANISMAL_PROCESS","Factor6",3.39030781535506e-08,1.95660984937016e-06,"positive","Transcriptomics"
"GOBP_WOUND_HEALING","Factor6",3.4776811724936e-08,1.97358406539012e-06,"positive","Transcriptomics"
"GOBP_CONNECTIVE_TISSUE_DEVELOPMENT","Factor6",3.65763762098228e-08,2.04168132777781e-06,"positive","Transcriptomics"
"GOBP_REGULATION_OF_CELL_SUBSTRATE_ADHESION","Factor6",4.80905114662878e-08,2.6410998635921e-06,"positive","Transcriptomics"
"GOBP_EXTRACELLULAR_MATRIX_ASSEMBLY","Factor6",5.73373629576409e-08,3.05665451935581e-06,"positive","Transcriptomics"
"GOMF_CELL_ADHESION_MOLECULE_BINDING","Factor6",5.74525372213721e-08,3.05665451935581e-06,"positive","Transcriptomics"
"GOBP_REGULATION_OF_T_CELL_ACTIVATION","Factor6",5.94725729341869e-08,3.11544785909087e-06,"positive","Transcriptomics"
"GOBP_NEUTROPHIL_CHEMOTAXIS","Factor6",6.15919259045647e-08,3.17758345007641e-06,"positive","Transcriptomics"
"GOBP_IMMUNE_EFFECTOR_PROCESS","Factor6",6.52074154573027e-08,3.31389924824053e-06,"positive","Transcriptomics"
"GOBP_REGULATION_OF_MULTICELLULAR_ORGANISMAL_DEVELOPMENT","Factor6",7.3149515420241e-08,3.64202912871293e-06,"positive","Transcriptomics"
"GOCC_EXTERNAL_SIDE_OF_PLASMA_MEMBRANE","Factor6",7.3803233445284e-08,3.64202912871293e-06,"positive","Transcriptomics"
"GOBP_VESICLE_MEDIATED_TRANSPORT","Factor6",7.67939931546639e-08,3.73547923845186e-06,"positive","Transcriptomics"
"GOBP_TAXIS","Factor6",7.79020796809659e-08,3.73600818751674e-06,"positive","Transcriptomics"
"GOBP_IMMUNE_RESPONSE_REGULATING_CELL_SURFACE_RECEPTOR_SIGNALING_PATHWAY","Factor6",1.03569391193754e-07,4.8979691252046e-06,"positive","Transcriptomics"
"GOMF_PEPTIDASE_ACTIVATOR_ACTIVITY","Factor6",1.07937127481655e-07,5.03460163116486e-06,"positive","Transcriptomics"
"GOMF_HEPARIN_BINDING","Factor6",1.18866553413429e-07,5.4694677617936e-06,"positive","Transcriptomics"
"GOCC_LAMELLIPODIUM_MEMBRANE","Factor6",1.36188539825008e-07,6.12839208629062e-06,"positive","Transcriptomics"
"GOMF_PROTEIN_CONTAINING_COMPLEX_BINDING","Factor6",1.36786431294592e-07,6.12839208629062e-06,"positive","Transcriptomics"
"GOBP_GRANULOCYTE_MIGRATION","Factor6",1.42191758384187e-07,6.28783035452151e-06,"positive","Transcriptomics"
"GOBP_NEUTROPHIL_MIGRATION","Factor6",1.5505890186443e-07,6.76891744677416e-06,"positive","Transcriptomics"
"GOMF_CARGO_RECEPTOR_ACTIVITY","Factor6",1.72325421560097e-07,7.4274438026852e-06,"positive","Transcriptomics"
"GOCC_PLATELET_ALPHA_GRANULE_LUMEN","Factor6",2.22758732707309e-07,9.48116856085485e-06,"positive","Transcriptomics"
"GOCC_SECRETORY_GRANULE_MEMBRANE","Factor6",2.3150857705221e-07,9.7319346279355e-06,"positive","Transcriptomics"
"GOMF_CALCIUM_ION_BINDING","Factor6",2.54346482514212e-07,1.0561582597084e-05,"positive","Transcriptomics"
"GOBP_MONONUCLEAR_CELL_DIFFERENTIATION","Factor6",2.6236800392465e-07,1.07634102814871e-05,"positive","Transcriptomics"
"GOBP_RESPONSE_TO_WOUNDING","Factor6",2.82547228408032e-07,1.14532537229685e-05,"positive","Transcriptomics"
"GOBP_MYELOID_LEUKOCYTE_MIGRATION","Factor6",2.86728998283397e-07,1.14860263429996e-05,"positive","Transcriptomics"
"GOBP_IMPORT_INTO_CELL","Factor6",3.08512591573121e-07,1.2214946212866e-05,"positive","Transcriptomics"
"GOBP_CYTOKINE_PRODUCTION","Factor6",3.18103899094527e-07,1.24499284645616e-05,"positive","Transcriptomics"
"GOBP_DEFENSE_RESPONSE_TO_OTHER_ORGANISM","Factor6",3.28065593022562e-07,1.26939016391116e-05,"positive","Transcriptomics"
"GOBP_REGULATION_OF_RESPONSE_TO_EXTERNAL_STIMULUS","Factor6",3.53431391596331e-07,1.35217290829832e-05,"positive","Transcriptomics"
"GOBP_VASCULATURE_DEVELOPMENT","Factor6",3.61468046166619e-07,1.36755410799704e-05,"positive","Transcriptomics"
"GOBP_REGULATION_OF_GRANULOCYTE_CHEMOTAXIS","Factor6",3.71081485312769e-07,1.38849720603294e-05,"positive","Transcriptomics"
"GOBP_ANATOMICAL_STRUCTURE_FORMATION_INVOLVED_IN_MORPHOGENESIS","Factor6",4.18339458476945e-07,1.5049107474769e-05,"positive","Transcriptomics"
"GOBP_OSTEOBLAST_DIFFERENTIATION","Factor6",4.19872308400311e-07,1.5049107474769e-05,"positive","Transcriptomics"
"GOBP_TUBE_DEVELOPMENT","Factor6",4.1492143658974e-07,1.5049107474769e-05,"positive","Transcriptomics"
"GOMF_FIBRONECTIN_BINDING","Factor6",4.18851392846937e-07,1.5049107474769e-05,"positive","Transcriptomics"
"RUBENSTEIN_SKELETAL_MUSCLE_MYELOID_CELLS","Factor6",4.728109418869e-07,1.6770013095051e-05,"positive","Transcriptomics"
"GOBP_RESPONSE_TO_CYTOKINE","Factor6",5.46131061474465e-07,1.91708893228923e-05,"positive","Transcriptomics"
"GOCC_SIDE_OF_MEMBRANE","Factor6",5.84344227123634e-07,2.03029805444487e-05,"positive","Transcriptomics"
"GOBP_BLOOD_VESSEL_MORPHOGENESIS","Factor6",6.49995088438114e-07,2.23558916780988e-05,"positive","Transcriptomics"
"GOBP_REGULATION_OF_NEUTROPHIL_CHEMOTAXIS","Factor6",7.30077460185095e-07,2.46130074448539e-05,"positive","Transcriptomics"
"GOBP_ANTIGEN_RECEPTOR_MEDIATED_SIGNALING_PATHWAY","Factor6",7.70752307908939e-07,2.57295255728425e-05,"positive","Transcriptomics"
"GOBP_INTEGRIN_MEDIATED_SIGNALING_PATHWAY","Factor6",8.30479416734997e-07,2.74541981940065e-05,"positive","Transcriptomics"
"GOBP_HETEROTYPIC_CELL_CELL_ADHESION","Factor6",8.7597675853583e-07,2.81963378410367e-05,"positive","Transcriptomics"
"GOBP_REGULATION_OF_LEUKOCYTE_DIFFERENTIATION","Factor6",8.77771457019057e-07,2.81963378410367e-05,"positive","Transcriptomics"
"GOMF_GROWTH_FACTOR_BINDING","Factor6",9.07335043904707e-07,2.88736058364068e-05,"positive","Transcriptomics"
"GOBP_REGULATION_OF_CELL_DIFFERENTIATION","Factor6",9.59291430939392e-07,3.02443270587836e-05,"positive","Transcriptomics"
"GOBP_POSITIVE_REGULATION_OF_CELL_ACTIVATION","Factor6",9.92076333092233e-07,3.09910083869638e-05,"positive","Transcriptomics"
"GOBP_CARTILAGE_DEVELOPMENT","Factor6",1.03902235176709e-06,3.21624646160632e-05,"positive","Transcriptomics"
"GOCC_VESICLE_LUMEN","Factor6",1.06535603074306e-06,3.26805160781993e-05,"positive","Transcriptomics"
"GOBP_ATP_BIOSYNTHETIC_PROCESS","Factor6",1.09982082862569e-07,3.40444538315496e-05,"negative","Transcriptomics"
"GOBP_ENERGY_DERIVATION_BY_OXIDATION_OF_ORGANIC_COMPOUNDS","Factor6",1.01163881271107e-07,3.40444538315496e-05,"negative","Transcriptomics"
"GOMF_PROTEOGLYCAN_BINDING","Factor6",1.12642492811808e-06,3.42453292878755e-05,"positive","Transcriptomics"
"GOBP_REGULATION_OF_NEUTROPHIL_MIGRATION","Factor6",1.31836398286667e-06,3.97259235545223e-05,"positive","Transcriptomics"
"GOMF_PROTEASE_BINDING","Factor6",1.45064276071819e-06,4.33284087740827e-05,"positive","Transcriptomics"
"GOBP_HEMOPOIESIS","Factor6",1.46544628303056e-06,4.33899529888613e-05,"positive","Transcriptomics"
"GOBP_LEUKOCYTE_PROLIFERATION","Factor6",1.54312813633007e-06,4.49089855060162e-05,"positive","Transcriptomics"
"GOBP_REGULATION_OF_ENDOCYTOSIS","Factor6",1.53238654406925e-06,4.49089855060162e-05,"positive","Transcriptomics"
"GOBP_CELL_ACTIVATION_INVOLVED_IN_IMMUNE_RESPONSE","Factor6",1.61627651759362e-06,4.62472398521536e-05,"positive","Transcriptomics"
"GOBP_HEMOSTASIS","Factor6",1.61555370146644e-06,4.62472398521536e-05,"positive","Transcriptomics"
"GOBP_CELLULAR_RESPIRATION","Factor6",1.8601909978427e-07,5.27829195637867e-05,"negative","Transcriptomics"
"GOBP_PHOSPHATIDYLINOSITOL_3_KINASE_PROTEIN_KINASE_B_SIGNAL_TRANSDUCTION","Factor6",1.89090715862276e-06,5.36544906259208e-05,"positive","Transcriptomics"
"GOCC_COMPLEX_OF_COLLAGEN_TRIMERS","Factor6",2.07074168295308e-06,5.77940609053707e-05,"positive","Transcriptomics"
"GOBP_POSITIVE_REGULATION_OF_PHOSPHATIDYLINOSITOL_3_KINASE_PROTEIN_KINASE_B_SIGNAL_TRANSDUCTION","Factor6",2.12275431956493e-06,5.82901488557951e-05,"positive","Transcriptomics"
"GOBP_REGULATION_OF_ANATOMICAL_STRUCTURE_MORPHOGENESIS","Factor6",2.12020376583982e-06,5.82901488557951e-05,"positive","Transcriptomics"
"GOBP_LEUKOCYTE_ADHESION_TO_VASCULAR_ENDOTHELIAL_CELL","Factor6",2.18926364130459e-06,5.96355415891371e-05,"positive","Transcriptomics"
"GOBP_POSITIVE_REGULATION_OF_CYTOKINE_PRODUCTION","Factor6",2.24825717722411e-06,6.0756473717842e-05,"positive","Transcriptomics"
"GOCC_FIBRILLAR_COLLAGEN_TRIMER","Factor6",2.2878855129903e-06,6.13405525333226e-05,"positive","Transcriptomics"
"GOBP_BONE_MORPHOGENESIS","Factor6",2.40032753286116e-06,6.38524628858768e-05,"positive","Transcriptomics"
"GOBP_ANTIGEN_PROCESSING_AND_PRESENTATION","Factor6",2.48076155410942e-06,6.49768699364813e-05,"positive","Transcriptomics"
"GOMF_SULFUR_COMPOUND_BINDING","Factor6",2.47311019464408e-06,6.49768699364813e-05,"positive","Transcriptomics"
"GOMF_EXTRACELLULAR_MATRIX_BINDING","Factor6",2.62972105447501e-06,6.83526732098277e-05,"positive","Transcriptomics"
"GOBP_CELL_CHEMOTAXIS","Factor6",2.67710433022446e-06,6.90571230637445e-05,"positive","Transcriptomics"
"GOBP_REGULATION_OF_CELL_ADHESION_MEDIATED_BY_INTEGRIN","Factor6",3.0965739420288e-06,7.86853303925976e-05,"positive","Transcriptomics"
"GOBP_NEGATIVE_REGULATION_OF_CELL_ADHESION","Factor6",3.97792788186667e-06,9.95944443952647e-05,"positive","Transcriptomics"
"GOBP_ELECTRON_TRANSPORT_CHAIN","Factor6",4.39773966135855e-07,0.000115186950360968,"negative","Transcriptomics"
"GOBP_NEGATIVE_REGULATION_OF_LOCOMOTION","Factor6",4.73278190566834e-06,0.000117628630575188,"positive","Transcriptomics"
"GOBP_POSITIVE_REGULATION_OF_CELL_SUBSTRATE_ADHESION","Factor6",5.53961752941027e-06,0.000135700702788791,"positive","Transcriptomics"
"GOBP_TUBE_MORPHOGENESIS","Factor6",5.50436777051643e-06,0.000135700702788791,"positive","Transcriptomics"
"GOBP_COLLAGEN_CATABOLIC_PROCESS","Factor6",5.76214288624844e-06,0.000140143546626257,"positive","Transcriptomics"
"GOMF_SCAVENGER_RECEPTOR_ACTIVITY","Factor6",5.90517533134598e-06,0.000142603702150589,"positive","Transcriptomics"
"GOBP_T_CELL_PROLIFERATION","Factor6",5.97596519793051e-06,0.00014329691196446,"positive","Transcriptomics"
"GOMF_GLUTATHIONE_TRANSFERASE_ACTIVITY","Factor6",7.27220987617479e-07,0.000176870533059823,"negative","Transcriptomics"
"GOBP_CIRCULATORY_SYSTEM_DEVELOPMENT","Factor6",8.29611676655086e-06,0.000197540402728012,"positive","Transcriptomics"
"GOBP_REGULATION_OF_VESICLE_MEDIATED_TRANSPORT","Factor6",8.37327009942877e-06,0.000197992949226076,"positive","Transcriptomics"
"GOBP_REGULATION_OF_LEUKOCYTE_PROLIFERATION","Factor6",8.69576019032353e-06,0.00020420043757277,"positive","Transcriptomics"
"GOBP_MYELOID_CELL_ACTIVATION_INVOLVED_IN_IMMUNE_RESPONSE","Factor6",1.05202472012795e-05,0.000242036768380789,"positive","Transcriptomics"
"GOBP_LEUKOCYTE_MEDIATED_IMMUNITY","Factor6",1.06786867894636e-05,0.000242529837886307,"positive","Transcriptomics"
"GOBP_PLATELET_ACTIVATION","Factor6",1.06841338275906e-05,0.000242529837886307,"positive","Transcriptomics"
"GOMF_METALLOPEPTIDASE_ACTIVITY","Factor6",1.1099970678181e-05,0.000250300663306002,"positive","Transcriptomics"
"GOBP_CELL_KILLING","Factor6",1.1207483579118e-05,0.000251062378861163,"positive","Transcriptomics"
"GOBP_CELLULAR_EXTRAVASATION","Factor6",1.14813546396911e-05,0.000251157382952231,"positive","Transcriptomics"
"GOBP_ENDOCHONDRAL_BONE_MORPHOGENESIS","Factor6",1.14191194515512e-05,0.000251157382952231,"positive","Transcriptomics"
"GOBP_REGULATION_OF_ANTIGEN_RECEPTOR_MEDIATED_SIGNALING_PATHWAY","Factor6",1.14644582909679e-05,0.000251157382952231,"positive","Transcriptomics"
"GOBP_RESPONSE_TO_BACTERIUM","Factor6",1.1520436842636e-05,0.000251157382952231,"positive","Transcriptomics"
"GOBP_RESPONSE_TO_ENDOGENOUS_STIMULUS","Factor6",1.16758022230245e-05,0.000251620927654421,"positive","Transcriptomics"
"GOMF_EXTRACELLULAR_MATRIX_STRUCTURAL_CONSTITUENT_CONFERRING_COMPRESSION_RESISTANCE","Factor6",1.18111731313883e-05,0.000252937386870297,"positive","Transcriptomics"
"GOBP_EXTRACELLULAR_MATRIX_DISASSEMBLY","Factor6",1.28301505069783e-05,0.000273041640476632,"positive","Transcriptomics"
"GOBP_REGULATION_OF_B_CELL_DIFFERENTIATION","Factor6",1.34917930272703e-05,0.000285338852533263,"positive","Transcriptomics"
"GOBP_T_CELL_MIGRATION","Factor6",1.41345149988414e-05,0.000297086565253426,"positive","Transcriptomics"
"GOMF_PRIMARY_ACTIVE_TRANSMEMBRANE_TRANSPORTER_ACTIVITY","Factor6",1.35688691502125e-06,0.000308013329709824,"negative","Transcriptomics"
"GOBP_LEUKOCYTE_TETHERING_OR_ROLLING","Factor6",1.64449748737924e-05,0.000343528462854375,"positive","Transcriptomics"
"GOBP_NEGATIVE_REGULATION_OF_IMMUNE_SYSTEM_PROCESS","Factor6",1.7427565362146e-05,0.00035832034098661,"positive","Transcriptomics"
"GOBP_REGULATION_OF_ANTIGEN_PROCESSING_AND_PRESENTATION","Factor6",1.74687743329742e-05,0.00035832034098661,"positive","Transcriptomics"
"GOBP_RESPONSE_TO_TRANSFORMING_GROWTH_FACTOR_BETA","Factor6",1.74072094313441e-05,0.00035832034098661,"positive","Transcriptomics"
"GOBP_POSITIVE_REGULATION_OF_CELL_POPULATION_PROLIFERATION","Factor6",1.7718375338464e-05,0.000361263880404012,"positive","Transcriptomics"
"GOBP_LEUKOCYTE_CHEMOTAXIS","Factor6",1.78407121368743e-05,0.000361593004917006,"positive","Transcriptomics"
"GOBP_REGULATION_OF_CHEMOTAXIS","Factor6",1.9785446553156e-05,0.000397933718524478,"positive","Transcriptomics"
"GOMF_CYTOKINE_BINDING","Factor6",1.98674690599593e-05,0.000397933718524478,"positive","Transcriptomics"
"GOBP_REGULATION_OF_HEMOPOIESIS","Factor6",2.06711041044632e-05,0.000409215752765682,"positive","Transcriptomics"
"GOBP_NEGATIVE_REGULATION_OF_MULTICELLULAR_ORGANISMAL_PROCESS","Factor6",2.31914804366502e-05,0.000448676084584056,"positive","Transcriptomics"
"GOBP_GENERATION_OF_PRECURSOR_METABOLITES_AND_ENERGY","Factor6",2.27414673489632e-06,0.000483966852020123,"negative","Transcriptomics"
"GOBP_REGULATION_OF_NON_CANONICAL_WNT_SIGNALING_PATHWAY","Factor6",2.57771944282935e-05,0.000494179921444043,"positive","Transcriptomics"
"GOCC_LYSOSOMAL_LUMEN","Factor6",2.58337815028017e-05,0.000494179921444043,"positive","Transcriptomics"
"GOBP_TRANSMEMBRANE_RECEPTOR_PROTEIN_SERINE_THREONINE_KINASE_SIGNALING_PATHWAY","Factor6",2.60793595162517e-05,0.000496090609792385,"positive","Transcriptomics"
"GOBP_POSITIVE_REGULATION_OF_ENDOCYTOSIS","Factor6",2.68473949896317e-05,0.0005078632218872,"positive","Transcriptomics"
"GOBP_MONONUCLEAR_CELL_MIGRATION","Factor6",2.7209627207635e-05,0.000509059234296688,"positive","Transcriptomics"
"GOBP_PLATELET_AGGREGATION","Factor6",2.7060967056991e-05,0.000509059234296688,"positive","Transcriptomics"
"GOBP_MYELOID_LEUKOCYTE_DIFFERENTIATION","Factor6",2.75148752619876e-05,0.000511957105284523,"positive","Transcriptomics"
"GOBP_NEGATIVE_REGULATION_OF_RESPONSE_TO_STIMULUS","Factor6",2.77353376359121e-05,0.000513254481795003,"positive","Transcriptomics"
"GOBP_AMEBOIDAL_TYPE_CELL_MIGRATION","Factor6",3.07838386072146e-05,0.000563542851922397,"positive","Transcriptomics"
"GOMF_PEPTIDASE_ACTIVITY","Factor6",3.12938974527857e-05,0.000569816688913023,"positive","Transcriptomics"
"GOBP_REGULATION_OF_MYELOID_LEUKOCYTE_DIFFERENTIATION","Factor6",3.60519113979339e-05,0.000652961480372154,"positive","Transcriptomics"
"GOMF_TRANSFERASE_ACTIVITY_TRANSFERRING_ALKYL_OR_ARYL_OTHER_THAN_METHYL_GROUPS","Factor6",3.34706106298998e-06,0.000670396642322405,"negative","Transcriptomics"
"GOBP_NEGATIVE_REGULATION_OF_VASCULATURE_DEVELOPMENT","Factor6",3.84641682792243e-05,0.000692965571379675,"positive","Transcriptomics"
"GOBP_MYELOID_LEUKOCYTE_ACTIVATION","Factor6",3.95645390709543e-05,0.000709038187034733,"positive","Transcriptomics"
"GOMF_EXOPEPTIDASE_ACTIVITY","Factor6",3.98088345622575e-05,0.000709681055939721,"positive","Transcriptomics"
"GOBP_B_CELL_DIFFERENTIATION","Factor6",4.07202242085471e-05,0.000722147726198452,"positive","Transcriptomics"
"GOCC_PROTEIN_COMPLEX_INVOLVED_IN_CELL_ADHESION","Factor6",4.33143408828574e-05,0.000764172697959219,"positive","Transcriptomics"
"GOBP_PROTON_TRANSMEMBRANE_TRANSPORT","Factor6",4.20919007824941e-06,0.000796238456468847,"negative","Transcriptomics"
"GOBP_DEFENSE_RESPONSE_TO_BACTERIUM","Factor6",4.54763360514197e-05,0.000798180021933423,"positive","Transcriptomics"
"GOMF_WNT_PROTEIN_BINDING","Factor6",4.58345028849393e-05,0.000800340934990864,"positive","Transcriptomics"
"GOBP_HOMOTYPIC_CELL_CELL_ADHESION","Factor6",5.32749544583324e-05,0.000925516428217459,"positive","Transcriptomics"
"GOBP_RESPONSE_TO_OXYGEN_CONTAINING_COMPOUND","Factor6",5.73440716877656e-05,0.000986144263115363,"positive","Transcriptomics"
"GOBP_POSITIVE_REGULATION_OF_NEUTROPHIL_MIGRATION","Factor6",6.08323089570128e-05,0.00103567005999314,"positive","Transcriptomics"
"GOBP_HUMORAL_IMMUNE_RESPONSE","Factor6",6.46630574132627e-05,0.00109541149498587,"positive","Transcriptomics"
"GOBP_COLLAGEN_BIOSYNTHETIC_PROCESS","Factor6",7.23770724275288e-05,0.00121400951534845,"positive","Transcriptomics"
"GOBP_INNATE_IMMUNE_RESPONSE","Factor6",7.63267708722212e-05,0.0012632476230239,"positive","Transcriptomics"
"GOBP_POSITIVE_REGULATION_OF_RESPONSE_TO_EXTERNAL_STIMULUS","Factor6",7.64255536983623e-05,0.0012632476230239,"positive","Transcriptomics"
"GOBP_POSITIVE_REGULATION_OF_MONONUCLEAR_CELL_MIGRATION","Factor6",7.90481834916839e-05,0.00130028533714581,"positive","Transcriptomics"
"GOBP_FORMATION_OF_PRIMARY_GERM_LAYER","Factor6",7.99604211513901e-05,0.00130896747125232,"positive","Transcriptomics"
"GOBP_REGULATION_OF_GLUCONEOGENESIS","Factor6",8.11038698007318e-05,0.00132133338120331,"positive","Transcriptomics"
"GOMF_ENDOPEPTIDASE_ACTIVITY","Factor6",8.17141515653994e-05,0.00132493660038183,"positive","Transcriptomics"
"GOCC_ORGANELLE_INNER_MEMBRANE","Factor6",7.53172650935816e-06,0.00134976467180866,"negative","Transcriptomics"
"GOBP_REGULATION_OF_VASCULATURE_DEVELOPMENT","Factor6",8.6080783677602e-05,0.00138460026053855,"positive","Transcriptomics"
"GOBP_REGULATION_OF_CELL_DEVELOPMENT","Factor6",8.8284488134369e-05,0.00140471346774545,"positive","Transcriptomics"
"GOBP_MUSCLE_CELL_MIGRATION","Factor6",9.57229676131529e-05,0.0014928497495718,"positive","Transcriptomics"
"GOBP_POSITIVE_REGULATION_OF_DEVELOPMENTAL_PROCESS","Factor6",9.662004323575e-05,0.0014928497495718,"positive","Transcriptomics"
"GOBP_REGULATION_OF_PEPTIDYL_TYROSINE_PHOSPHORYLATION","Factor6",9.64742006885032e-05,0.0014928497495718,"positive","Transcriptomics"
"GOCC_PHAGOCYTIC_VESICLE","Factor6",9.61906519590617e-05,0.0014928497495718,"positive","Transcriptomics"
"GOBP_REGULATION_OF_PHAGOCYTOSIS","Factor6",0.000105656431355687,0.00162054121065816,"positive","Transcriptomics"
"GOBP_REGULATION_OF_CELL_MATRIX_ADHESION","Factor6",0.000107333902609406,0.00163888761607636,"positive","Transcriptomics"
"GOBP_REGULATION_OF_MONONUCLEAR_CELL_MIGRATION","Factor6",0.000109326963735637,0.00166186746214216,"positive","Transcriptomics"
"GOBP_INTERLEUKIN_8_PRODUCTION","Factor6",0.000114446909969874,0.00173196323754409,"positive","Transcriptomics"
"GOBP_REGULATION_OF_IMMUNE_EFFECTOR_PROCESS","Factor6",0.000117255223326403,0.00175892081433836,"positive","Transcriptomics"
"GOCC_IMMUNOLOGICAL_SYNAPSE","Factor6",0.000117261387622557,0.00175892081433836,"positive","Transcriptomics"
"GOBP_GASTRULATION","Factor6",0.000118063756121111,0.00176318898944028,"positive","Transcriptomics"
"GOBP_B_CELL_RECEPTOR_SIGNALING_PATHWAY","Factor6",0.000125874363557134,0.00186348786048714,"positive","Transcriptomics"
"GOBP_NEGATIVE_REGULATION_OF_DEVELOPMENTAL_PROCESS","Factor6",0.000127451796718791,0.00187867258799776,"positive","Transcriptomics"
"GOBP_POSITIVE_REGULATION_OF_GENE_EXPRESSION","Factor6",0.000133182236870481,0.00195467895062063,"positive","Transcriptomics"
"GOCC_VESICLE_MEMBRANE","Factor6",0.000136959870045709,0.00200149509659073,"positive","Transcriptomics"
"GOBP_NON_CANONICAL_WNT_SIGNALING_PATHWAY","Factor6",0.000139532294898297,0.00203037377832778,"positive","Transcriptomics"
"GOBP_ENDODERM_FORMATION","Factor6",0.000141310671342921,0.00204750142945807,"positive","Transcriptomics"
"GOBP_POSITIVE_REGULATION_OF_CELL_DIFFERENTIATION","Factor6",0.000142883584774379,0.00206151951761339,"positive","Transcriptomics"
"GOBP_NEGATIVE_REGULATION_OF_RESPONSE_TO_EXTERNAL_STIMULUS","Factor6",0.000147319392491133,0.00211655076553716,"positive","Transcriptomics"
"GOBP_T_CELL_RECEPTOR_SIGNALING_PATHWAY","Factor6",0.00015067369437409,0.00215564676194865,"positive","Transcriptomics"
"GOCC_STEREOCILIUM_BUNDLE","Factor6",1.39473933599793e-05,0.00237454371953648,"negative","Transcriptomics"
"GOBP_NEGATIVE_REGULATION_OF_CELL_POPULATION_PROLIFERATION","Factor6",0.000167900939807417,0.00239206150646131,"positive","Transcriptomics"
"GOBP_CHONDROCYTE_DIFFERENTIATION","Factor6",0.000169370484899407,0.00240294375451034,"positive","Transcriptomics"
"GOBP_RESPONSE_TO_NITROGEN_COMPOUND","Factor6",0.000172415726163898,0.00243599812277209,"positive","Transcriptomics"
"GOCC_GOLGI_LUMEN","Factor6",0.000187491566425953,0.00263805282512549,"positive","Transcriptomics"
"GOBP_ENZYME_LINKED_RECEPTOR_PROTEIN_SIGNALING_PATHWAY","Factor6",0.000211670006668066,0.00296599330331179,"positive","Transcriptomics"
"GOBP_LYMPHOCYTE_MIGRATION","Factor6",0.000227593173536477,0.00316308063629267,"positive","Transcriptomics"
"GOCC_FICOLIN_1_RICH_GRANULE","Factor6",0.000231936974539766,0.00319734979072026,"positive","Transcriptomics"
"GOMF_METALLOENDOPEPTIDASE_ACTIVITY","Factor6",0.000240733535114923,0.00330523260913836,"positive","Transcriptomics"
"GOBP_CHONDROCYTE_DEVELOPMENT","Factor6",0.000245866537770321,0.00334216318271161,"positive","Transcriptomics"
"GOBP_LYMPHOCYTE_MEDIATED_IMMUNITY","Factor6",0.000247521041889948,0.00334448074458442,"positive","Transcriptomics"
"GOCC_VACUOLE","Factor6",0.000252573332335134,0.00339925769407562,"positive","Transcriptomics"
"GOBP_EPITHELIAL_CELL_PROLIFERATION","Factor6",0.000255406368218854,0.00341107272359233,"positive","Transcriptomics"
"GOBP_POSITIVE_REGULATION_OF_CELL_MATRIX_ADHESION","Factor6",0.000255454785467267,0.00341107272359233,"positive","Transcriptomics"
"GOBP_REGULATION_OF_DEFENSE_RESPONSE","Factor6",0.000270418192537814,0.00359677322496585,"positive","Transcriptomics"
"GOBP_RESPONSE_TO_NUTRIENT","Factor6",0.000277945607700284,0.00366823563650957,"positive","Transcriptomics"
"GOBP_SUBSTRATE_DEPENDENT_CELL_MIGRATION","Factor6",0.000276979770347908,0.00366823563650957,"positive","Transcriptomics"
"GOBP_REGULATION_OF_LEUKOCYTE_CHEMOTAXIS","Factor6",0.000284866668803829,0.00374506180415844,"positive","Transcriptomics"
"GOBP_PHAGOCYTOSIS_ENGULFMENT","Factor6",0.000309921195071601,0.00405877565084154,"positive","Transcriptomics"
"GOMF_ENDOPEPTIDASE_REGULATOR_ACTIVITY","Factor6",0.000323402082120134,0.00421909612880864,"positive","Transcriptomics"
"GOBP_DETECTION_OF_VISIBLE_LIGHT","Factor6",2.67194386137025e-05,0.00433236611807891,"negative","Transcriptomics"
"GOBP_POSITIVE_REGULATION_OF_CELLULAR_COMPONENT_ORGANIZATION","Factor6",0.00033596789865035,0.0043663003622307,"positive","Transcriptomics"
"GOBP_SMOOTH_MUSCLE_CELL_MIGRATION","Factor6",0.000337976397903777,0.00437570203369719,"positive","Transcriptomics"
"GOBP_POSITIVE_REGULATION_OF_EPITHELIAL_CELL_APOPTOTIC_PROCESS","Factor6",0.00034531462500374,0.00445377385658232,"positive","Transcriptomics"
"GOBP_REGULATION_OF_LYMPHOCYTE_DIFFERENTIATION","Factor6",0.00035579447240658,0.0045716233152619,"positive","Transcriptomics"
"GOBP_POSITIVE_REGULATION_OF_INTERLEUKIN_8_PRODUCTION","Factor6",0.000357863999606129,0.00457963314844677,"positive","Transcriptomics"
"GOBP_REGULATION_OF_ESTABLISHMENT_OF_PLANAR_POLARITY","Factor6",0.000359107797543403,0.00457963314844677,"positive","Transcriptomics"
"GOBP_POSITIVE_REGULATION_OF_ANTIGEN_RECEPTOR_MEDIATED_SIGNALING_PATHWAY","Factor6",0.000360651136952713,0.00458215343777607,"positive","Transcriptomics"
"GOCC_VACUOLAR_LUMEN","Factor6",0.000363990265406058,0.00460236287309672,"positive","Transcriptomics"
"GOBP_TRANSFORMING_GROWTH_FACTOR_BETA_PRODUCTION","Factor6",0.000368318164153136,0.00462776143520823,"positive","Transcriptomics"
"GOCC_LAMELLIPODIUM","Factor6",0.000374237850881709,0.00468485250828022,"positive","Transcriptomics"
"GOBP_RESPONSE_TO_GROWTH_FACTOR","Factor6",0.000377653820641441,0.00469310678570842,"positive","Transcriptomics"
"GOBP_CELLULAR_RESPONSE_TO_LIPOPROTEIN_PARTICLE_STIMULUS","Factor6",0.00038229926963864,0.00471707413072017,"positive","Transcriptomics"
"GOBP_B_CELL_ACTIVATION","Factor6",0.000390183787129886,0.0047963025096652,"positive","Transcriptomics"
"GOBP_REGULATION_OF_CELLULAR_RESPONSE_TO_GROWTH_FACTOR_STIMULUS","Factor6",0.000392458630035255,0.00480691235708649,"positive","Transcriptomics"
"GOBP_POSITIVE_REGULATION_OF_CELL_ADHESION_MEDIATED_BY_INTEGRIN","Factor6",0.000398505908453126,0.00486348608703546,"positive","Transcriptomics"
"GOBP_NEGATIVE_REGULATION_OF_MYELOID_LEUKOCYTE_DIFFERENTIATION","Factor6",0.000405598801597291,0.00493237114085277,"positive","Transcriptomics"
"GOBP_TRANSFORMING_GROWTH_FACTOR_BETA_RECEPTOR_SIGNALING_PATHWAY","Factor6",0.000410911057965009,0.00497918915434469,"positive","Transcriptomics"
"GOBP_CARTILAGE_DEVELOPMENT_INVOLVED_IN_ENDOCHONDRAL_BONE_MORPHOGENESIS","Factor6",0.000415301093945164,0.00501453980455065,"positive","Transcriptomics"
"GOBP_IMMUNOLOGICAL_SYNAPSE_FORMATION","Factor6",0.000419311235527746,0.00502730548229569,"positive","Transcriptomics"
"RUBENSTEIN_SKELETAL_MUSCLE_NK_CELLS","Factor6",0.000418284903910452,0.00502730548229569,"positive","Transcriptomics"
"GOBP_POSITIVE_REGULATION_OF_INTRACELLULAR_SIGNAL_TRANSDUCTION","Factor6",0.000422769031421791,0.00504759461223267,"positive","Transcriptomics"
"GOMF_METALLOEXOPEPTIDASE_ACTIVITY","Factor6",0.000423968299294727,0.00504759461223267,"positive","Transcriptomics"
"GOBP_TUMOR_NECROSIS_FACTOR_SUPERFAMILY_CYTOKINE_PRODUCTION","Factor6",0.000426842607616854,0.00506410828897347,"positive","Transcriptomics"
"GOBP_REGULATION_OF_BODY_FLUID_LEVELS","Factor6",0.000445997630549676,0.00527299281951961,"positive","Transcriptomics"
"GOBP_RESPONSE_TO_ALCOHOL","Factor6",0.000450575947394044,0.00530868893036927,"positive","Transcriptomics"
"GOBP_LYMPHOCYTE_COSTIMULATION","Factor6",0.0004781379808818,0.00561399939621562,"positive","Transcriptomics"
"GOBP_INSULIN_LIKE_GROWTH_FACTOR_RECEPTOR_SIGNALING_PATHWAY","Factor6",0.000483180270730992,0.00563434528027064,"positive","Transcriptomics"
"GOBP_BONE_GROWTH","Factor6",0.000487534017491212,0.0056657110223808,"positive","Transcriptomics"
"GOBP_DETECTION_OF_BIOTIC_STIMULUS","Factor6",0.000505041011634021,0.00584919947147565,"positive","Transcriptomics"
"GOBP_MACROPHAGE_DIFFERENTIATION","Factor6",0.000508641768762133,0.00587093295808496,"positive","Transcriptomics"
"GOBP_ERK1_AND_ERK2_CASCADE","Factor6",0.000526095787159967,0.00597141641635772,"positive","Transcriptomics"
"GOBP_REGULATION_OF_TRANSMEMBRANE_RECEPTOR_PROTEIN_SERINE_THREONINE_KINASE_SIGNALING_PATHWAY","Factor6",0.000521895614795654,0.00597141641635772,"positive","Transcriptomics"
"GOBP_APOPTOTIC_CELL_CLEARANCE","Factor6",0.000540265077989749,0.00609139930647383,"positive","Transcriptomics"
"GOMF_CHEMOKINE_BINDING","Factor6",0.000557821838545021,0.00624797157975591,"positive","Transcriptomics"
"GOBP_NUCLEOSIDE_TRIPHOSPHATE_BIOSYNTHETIC_PROCESS","Factor6",4.2924761194389e-05,0.00635473095073454,"negative","Transcriptomics"
"GOMF_PROTON_TRANSMEMBRANE_TRANSPORTER_ACTIVITY","Factor6",4.28148876852181e-05,0.00635473095073454,"negative","Transcriptomics"
"GOMF_EXOGENOUS_PROTEIN_BINDING","Factor6",0.000585963917964632,0.00652028477342998,"positive","Transcriptomics"
"GOBP_REGULATION_OF_EXTRACELLULAR_MATRIX_ORGANIZATION","Factor6",0.000605862983921491,0.00669805987097817,"positive","Transcriptomics"
"GOBP_POSITIVE_REGULATION_OF_SMOOTH_MUSCLE_CELL_MIGRATION","Factor6",0.000612545858755177,0.00674989854065171,"positive","Transcriptomics"
"GOBP_POSITIVE_REGULATION_OF_T_CELL_PROLIFERATION","Factor6",0.000621540844150389,0.00682692443332927,"positive","Transcriptomics"
"GOBP_REGULATION_OF_T_CELL_MIGRATION","Factor6",0.000642483746930172,0.00703426739002326,"positive","Transcriptomics"
"GOBP_REGULATION_OF_LEUKOCYTE_ADHESION_TO_VASCULAR_ENDOTHELIAL_CELL","Factor6",0.000657686249254194,0.00715869328907685,"positive","Transcriptomics"
"GOBP_ADAPTIVE_IMMUNE_RESPONSE_BASED_ON_SOMATIC_RECOMBINATION_OF_IMMUNE_RECEPTORS_BUILT_FROM_IMMUNOGLOBULIN_SUPERFAMILY_DOMAINS","Factor6",0.000663566510028664,0.00719568142244459,"positive","Transcriptomics"
"GOBP_THYMIC_T_CELL_SELECTION","Factor6",0.000666785157938922,0.00720763004057788,"positive","Transcriptomics"
"GOBP_POSITIVE_REGULATION_OF_CELL_DEVELOPMENT","Factor6",0.000683630435870444,0.00736633428524956,"positive","Transcriptomics"
"GOBP_POSITIVE_REGULATION_OF_HEMOPOIESIS","Factor6",0.000688855814590248,0.00739922412832743,"positive","Transcriptomics"
"GOBP_REGULATION_OF_MYELOID_CELL_DIFFERENTIATION","Factor6",0.000698205016740636,0.00747606315094926,"positive","Transcriptomics"
"GOBP_HUMORAL_IMMUNE_RESPONSE_MEDIATED_BY_CIRCULATING_IMMUNOGLOBULIN","Factor6",0.000701249392988366,0.00748512283111406,"positive","Transcriptomics"
"GOBP_NEGATIVE_REGULATION_OF_CHEMOTAXIS","Factor6",0.000719881750966116,0.00765999175637382,"positive","Transcriptomics"
"GOBP_MRNA_TRANSPORT","Factor6",5.80786162780296e-05,0.0081475056803982,"negative","Transcriptomics"
"GOBP_ENDOTHELIAL_CELL_PROLIFERATION","Factor6",0.000785479424875401,0.00830607901149298,"positive","Transcriptomics"
"GOBP_MEMBRANE_INVAGINATION","Factor6",0.000791978520800574,0.00834887573785126,"positive","Transcriptomics"
"GOBP_REGULATION_OF_CELL_SHAPE","Factor6",0.000807764743550748,0.00848900911046388,"positive","Transcriptomics"
"GOBP_PROTEIN_PROCESSING","Factor6",0.000812627152307433,0.00849443199449137,"positive","Transcriptomics"
"GOBP_SUBSTRATE_ADHESION_DEPENDENT_CELL_SPREADING","Factor6",0.000816965106169905,0.00850693023397103,"positive","Transcriptomics"
"GOBP_PEPTIDYL_TYROSINE_MODIFICATION","Factor6",0.000829553961854478,0.00861168061010517,"positive","Transcriptomics"
"GOBP_ENDODERM_DEVELOPMENT","Factor6",0.000832387166951098,0.00861482767011699,"positive","Transcriptomics"
"GOBP_T_CELL_DIFFERENTIATION","Factor6",0.000855404644193114,0.00878039904638026,"positive","Transcriptomics"
"GOBP_TRABECULA_FORMATION","Factor6",0.00085612114049875,0.00878039904638026,"positive","Transcriptomics"
"GOBP_POSITIVE_REGULATION_OF_LYMPHOCYTE_MIGRATION","Factor6",0.000863241367366294,0.00878998093565794,"positive","Transcriptomics"
"GOBP_LEUKOCYTE_MEDIATED_CYTOTOXICITY","Factor6",0.000862287708329458,0.00878998093565794,"positive","Transcriptomics"
"GOBP_RESPONSE_TO_PROSTAGLANDIN","Factor6",0.000864799886474423,0.00878998093565794,"positive","Transcriptomics"
"GOBP_ANIMAL_ORGAN_MORPHOGENESIS","Factor6",0.000878616901285563,0.00885115547005131,"positive","Transcriptomics"
"GOCC_ENDOCYTIC_VESICLE","Factor6",0.000878416004031306,0.00885115547005131,"positive","Transcriptomics"
"GOBP_ICOSANOID_METABOLIC_PROCESS","Factor6",0.000884063074880393,0.00887974858397563,"positive","Transcriptomics"
"GOMF_PATTERN_RECOGNITION_RECEPTOR_ACTIVITY","Factor6",0.000889807219217885,0.00891115759246147,"positive","Transcriptomics"
"GOBP_INFLAMMATORY_RESPONSE_TO_WOUNDING","Factor6",0.000896957040934553,0.00893023018825191,"positive","Transcriptomics"
"GOBP_REGULATION_OF_ACUTE_INFLAMMATORY_RESPONSE","Factor6",0.000918498329883569,0.00911803735642435,"positive","Transcriptomics"
"GOBP_REGULATION_OF_INFLAMMATORY_RESPONSE","Factor6",0.000961243957680774,0.00946204632323465,"positive","Transcriptomics"
"GOCC_FICOLIN_1_RICH_GRANULE_LUMEN","Factor6",0.000965413278821278,0.00947329168411081,"positive","Transcriptomics"
"GOBP_COMPLEMENT_ACTIVATION","Factor6",0.000980107543326783,0.00958038384730269,"positive","Transcriptomics"
"GOBP_NEGATIVE_CHEMOTAXIS","Factor6",0.000981954174070085,0.00958038384730269,"positive","Transcriptomics"
"GOBP_ENDOTHELIAL_CELL_MIGRATION","Factor6",0.000990405345592571,0.0096352291478363,"positive","Transcriptomics"
"GOBP_REGULATION_OF_INTRINSIC_APOPTOTIC_SIGNALING_PATHWAY","Factor6",0.000998468812738921,0.00968600087571517,"positive","Transcriptomics"
"GOBP_RESPONSE_TO_CHEMOKINE","Factor6",0.00100412095278257,0.00971315864836545,"positive","Transcriptomics"
"GOBP_REGULATION_OF_MACROPHAGE_DERIVED_FOAM_CELL_DIFFERENTIATION","Factor6",0.00102329727413728,0.00985442102528445,"positive","Transcriptomics"
"GOBP_NEGATIVE_REGULATION_OF_WNT_SIGNALING_PATHWAY","Factor6",0.0010412714357227,0.00998740630601637,"positive","Transcriptomics"
"GOBP_POSITIVE_REGULATION_OF_LEUKOCYTE_PROLIFERATION","Factor6",0.00107485061202867,0.0102579337816479,"positive","Transcriptomics"
"GOCC_INTEGRIN_COMPLEX","Factor6",0.00107851403636709,0.0102579337816479,"positive","Transcriptomics"
"GOBP_MEMBRANE_ORGANIZATION","Factor6",0.00110591625181981,0.0104892613856448,"positive","Transcriptomics"
"GOBP_SENSORY_PERCEPTION_OF_LIGHT_STIMULUS","Factor6",8.21210848574818e-05,0.0107547036130664,"negative","Transcriptomics"
"GOBP_ENTRY_INTO_HOST","Factor6",0.00116271543816865,0.0109365913452051,"positive","Transcriptomics"
"GOCC_GOLGI_STACK","Factor6",0.00118251577478051,0.011092193424594,"positive","Transcriptomics"
"GOBP_GRANULOCYTE_ACTIVATION","Factor6",0.00121193390802408,0.0113369092220384,"positive","Transcriptomics"
"GOBP_PROTEIN_MATURATION","Factor6",0.00122368413167746,0.0114154642968815,"positive","Transcriptomics"
"GOBP_POSITIVE_REGULATION_OF_ERK1_AND_ERK2_CASCADE","Factor6",0.00126489854334719,0.0117677036614677,"positive","Transcriptomics"
"GOBP_NEGATIVE_REGULATION_OF_OSTEOCLAST_DIFFERENTIATION","Factor6",0.00127003920900012,0.0117833338055733,"positive","Transcriptomics"
"GOBP_NEGATIVE_REGULATION_OF_CELL_CELL_ADHESION","Factor6",0.00131816356559339,0.0121743088896555,"positive","Transcriptomics"
"GOBP_RECEPTOR_MEDIATED_ENDOCYTOSIS","Factor6",0.00131933039068513,0.0121743088896555,"positive","Transcriptomics"
"GOBP_BIOLOGICAL_PROCESS_INVOLVED_IN_SYMBIOTIC_INTERACTION","Factor6",0.00140143201754738,0.0128621995141478,"positive","Transcriptomics"
"GOBP_POSITIVE_REGULATION_OF_MAPK_CASCADE","Factor6",0.00140050489754832,0.0128621995141478,"positive","Transcriptomics"
"GOBP_POSITIVE_REGULATION_OF_INFLAMMATORY_RESPONSE","Factor6",0.00140860564788044,0.0128785960119668,"positive","Transcriptomics"
"GOBP_SECRETION","Factor6",0.00141078305799225,0.0128785960119668,"positive","Transcriptomics"
"GOBP_POSITIVE_REGULATION_OF_TUMOR_NECROSIS_FACTOR_SUPERFAMILY_CYTOKINE_PRODUCTION","Factor6",0.00142240372165958,0.0129499590167136,"positive","Transcriptomics"
"GOBP_DEFENSE_RESPONSE_TO_GRAM_POSITIVE_BACTERIUM","Factor6",0.00146062392862298,0.013192107365945,"positive","Transcriptomics"
"GOBP_CELLULAR_RESPONSE_TO_ACID_CHEMICAL","Factor6",0.00146456687116102,0.0131927253870457,"positive","Transcriptomics"
"GOBP_REGULATION_OF_COLLAGEN_METABOLIC_PROCESS","Factor6",0.00147682843336584,0.013268076030635,"positive","Transcriptomics"
"GOBP_REGULATION_OF_LEUKOCYTE_MEDIATED_IMMUNITY","Factor6",0.00149162439994406,0.0133306590073741,"positive","Transcriptomics"
"GOBP_CELL_CELL_RECOGNITION","Factor6",0.00150814074677449,0.0134078831403841,"positive","Transcriptomics"
"GOBP_FOAM_CELL_DIFFERENTIATION","Factor6",0.00151266135308039,0.0134130518417675,"positive","Transcriptomics"
"GOBP_POSITIVE_REGULATION_OF_CHEMOTAXIS","Factor6",0.00154445993366082,0.0135538300879255,"positive","Transcriptomics"
"GOMF_IMMUNE_RECEPTOR_ACTIVITY","Factor6",0.00156647262936251,0.0137116691593299,"positive","Transcriptomics"
"GOBP_T_CELL_DIFFERENTIATION_IN_THYMUS","Factor6",0.00163165999982167,0.01424564692152,"positive","Transcriptomics"
"GOBP_RECEPTOR_CLUSTERING","Factor6",0.00165539921457646,0.014379169198043,"positive","Transcriptomics"
"GOBP_INFLAMMATORY_RESPONSE_TO_ANTIGENIC_STIMULUS","Factor6",0.00171935501307063,0.0148588929429073,"positive","Transcriptomics"
"GOBP_POSITIVE_REGULATION_OF_SIGNALING","Factor6",0.00176757746723218,0.0151984880705191,"positive","Transcriptomics"
"GOBP_REGULATION_OF_WNT_SIGNALING_PATHWAY","Factor6",0.00177415438833088,0.0152166138344248,"positive","Transcriptomics"
"GOBP_FC_GAMMA_RECEPTOR_SIGNALING_PATHWAY","Factor6",0.00178818208840722,0.015298391987504,"positive","Transcriptomics"
"GOBP_RESPONSE_TO_BMP","Factor6",0.00182474531876986,0.0155720747128105,"positive","Transcriptomics"
"GOBP_HOMEOSTATIC_PROCESS","Factor6",0.00185626882299769,0.0158014883557678,"positive","Transcriptomics"
"GOBP_ICOSANOID_BIOSYNTHETIC_PROCESS","Factor6",0.00187569251946614,0.0159270150343696,"positive","Transcriptomics"
"GOBP_POSITIVE_REGULATION_OF_DEFENSE_RESPONSE","Factor6",0.00188939841475829,0.0159665619527937,"positive","Transcriptomics"
"GOBP_REGULATION_OF_T_CELL_RECEPTOR_SIGNALING_PATHWAY","Factor6",0.00188972818413388,0.0159665619527937,"positive","Transcriptomics"
"GOMF_INSULIN_LIKE_GROWTH_FACTOR_BINDING","Factor6",0.00189887346897834,0.0160041192125526,"positive","Transcriptomics"
"GOBP_REPLACEMENT_OSSIFICATION","Factor6",0.00193592541387124,0.0162761136647693,"positive","Transcriptomics"
"GOMF_CYTOKINE_RECEPTOR_ACTIVITY","Factor6",0.0019584786397117,0.0163848151553276,"positive","Transcriptomics"
"GOBP_SKELETAL_SYSTEM_MORPHOGENESIS","Factor6",0.00202562260055747,0.0168225486704834,"positive","Transcriptomics"
"GOBP_POSITIVE_REGULATION_OF_WOUND_HEALING","Factor6",0.00203192039224903,0.0168337930306763,"positive","Transcriptomics"
"GOMF_G_PROTEIN_COUPLED_CHEMOATTRACTANT_RECEPTOR_ACTIVITY","Factor6",0.00205032065471747,0.0169450044400801,"positive","Transcriptomics"
"GOBP_DENDRITIC_CELL_DIFFERENTIATION","Factor6",0.00208107493495736,0.0171486098690823,"positive","Transcriptomics"
"GOBP_NEGATIVE_REGULATION_OF_TRANSMEMBRANE_RECEPTOR_PROTEIN_SERINE_THREONINE_KINASE_SIGNALING_PATHWAY","Factor6",0.00208502921756243,0.0171486098690823,"positive","Transcriptomics"
"GOBP_RESPONSE_TO_MOLECULE_OF_BACTERIAL_ORIGIN","Factor6",0.0021232571199896,0.0174209409483484,"positive","Transcriptomics"
"GOBP_GLIAL_CELL_MIGRATION","Factor6",0.00213668400957646,0.0174762831404471,"positive","Transcriptomics"
"GOBP_REGULATION_OF_OSTEOCLAST_DIFFERENTIATION","Factor6",0.00214026727446885,0.0174762831404471,"positive","Transcriptomics"
"GOMF_OXIDOREDUCTASE_ACTIVITY_ACTING_ON_PEROXIDE_AS_ACCEPTOR","Factor6",0.00216966634906796,0.0176739567430058,"positive","Transcriptomics"
"GOBP_REGULATION_OF_RESPONSE_TO_STRESS","Factor6",0.00219409763845284,0.0178303161311024,"positive","Transcriptomics"
"GOBP_POSITIVE_REGULATION_OF_INTERLEUKIN_10_PRODUCTION","Factor6",0.00221772111668776,0.01797938191029,"positive","Transcriptomics"
"GOBP_INTERLEUKIN_6_PRODUCTION","Factor6",0.00226981162397413,0.0183144753071846,"positive","Transcriptomics"
"GOBP_POSITIVE_REGULATION_OF_GLYCOPROTEIN_METABOLIC_PROCESS","Factor6",0.00227765753195055,0.018334335452226,"positive","Transcriptomics"
"GOBP_GLUTATHIONE_METABOLIC_PROCESS","Factor6",0.000156570312080435,0.0183835142287545,"negative","Transcriptomics"
"GOBP_CELLULAR_RESPONSE_TO_NITROGEN_COMPOUND","Factor6",0.00232895021026353,0.0186590010963466,"positive","Transcriptomics"
"GOBP_REGULATION_OF_MUSCLE_TISSUE_DEVELOPMENT","Factor6",0.00236890707017104,0.0188140204002059,"positive","Transcriptomics"
"GOBP_TISSUE_REMODELING","Factor6",0.00236545752166814,0.0188140204002059,"positive","Transcriptomics"
"GOCC_GOLGI_APPARATUS","Factor6",0.00239101584844922,0.0189335092185339,"positive","Transcriptomics"
"GOBP_POSITIVE_REGULATION_OF_PHAGOCYTOSIS","Factor6",0.00245060730641537,0.0192709419823195,"positive","Transcriptomics"
"GOBP_AXON_EXTENSION","Factor6",0.00259749772663932,0.0202855040348782,"positive","Transcriptomics"
"GOBP_NEGATIVE_REGULATION_OF_CANONICAL_WNT_SIGNALING_PATHWAY","Factor6",0.00270415203143552,0.0210701090778901,"positive","Transcriptomics"
"GOBP_NEGATIVE_REGULATION_OF_CYTOKINE_PRODUCTION","Factor6",0.00278363588115847,0.0214695131890744,"positive","Transcriptomics"
"GOBP_POSITIVE_REGULATION_OF_IMMUNE_EFFECTOR_PROCESS","Factor6",0.00276215828210315,0.0214695131890744,"positive","Transcriptomics"
"GOBP_REGULATION_OF_GLUCOSE_METABOLIC_PROCESS","Factor6",0.00277840387637178,0.0214695131890744,"positive","Transcriptomics"
"GOBP_REGULATION_OF_PLATELET_AGGREGATION","Factor6",0.00278693827593859,0.0214695131890744,"positive","Transcriptomics"
"GOBP_REGULATION_OF_RECEPTOR_MEDIATED_ENDOCYTOSIS","Factor6",0.00277150362245629,0.0214695131890744,"positive","Transcriptomics"
"GOBP_ADAPTIVE_IMMUNE_RESPONSE","Factor6",0.00283676302071045,0.0217060181697058,"positive","Transcriptomics"
"GOBP_CELLULAR_RESPONSE_TO_OXYGEN_CONTAINING_COMPOUND","Factor6",0.00289415472826963,0.0219869743686365,"positive","Transcriptomics"
"GOBP_MYELOID_CELL_DIFFERENTIATION","Factor6",0.0028888056282738,0.0219869743686365,"positive","Transcriptomics"
"GOBP_REGULATION_OF_LYMPHOCYTE_MIGRATION","Factor6",0.002892622600959,0.0219869743686365,"positive","Transcriptomics"
"GOMF_PHOSPHOLIPID_BINDING","Factor6",0.00291154494502102,0.0220306900839924,"positive","Transcriptomics"
"GOMF_ISOMERASE_ACTIVITY","Factor6",0.00301144145286496,0.0226857481128433,"positive","Transcriptomics"
"GOBP_NEGATIVE_REGULATION_OF_CELL_ACTIVATION","Factor6",0.00311785997961041,0.0233842198447569,"positive","Transcriptomics"
"GOBP_REGULATION_OF_B_CELL_ACTIVATION","Factor6",0.00311789597930091,0.0233842198447569,"positive","Transcriptomics"
"GOBP_REGULATION_OF_NON_CANONICAL_NF_KAPPAB_SIGNAL_TRANSDUCTION","Factor6",0.00320654069320408,0.0239962001326591,"positive","Transcriptomics"
"GOBP_ENDOMEMBRANE_SYSTEM_ORGANIZATION","Factor6",0.00326857928325516,0.0243416188325691,"positive","Transcriptomics"
"GOMF_CHEMOREPELLENT_ACTIVITY","Factor6",0.00327414432461575,0.0243416188325691,"positive","Transcriptomics"
"GOBP_DISRUPTION_OF_ANATOMICAL_STRUCTURE_IN_ANOTHER_ORGANISM","Factor6",0.00333750850726261,0.0246714113143131,"positive","Transcriptomics"
"GOBP_REGULATION_OF_ANIMAL_ORGAN_MORPHOGENESIS","Factor6",0.00334748664529006,0.0246714113143131,"positive","Transcriptomics"
"GOMF_C_C_CHEMOKINE_BINDING","Factor6",0.00334426343690657,0.0246714113143131,"positive","Transcriptomics"
"GOBP_REGULATION_OF_BMP_SIGNALING_PATHWAY","Factor6",0.00335821325798232,0.0246970111089196,"positive","Transcriptomics"
"GOBP_POSITIVE_REGULATION_OF_PEPTIDYL_TYROSINE_PHOSPHORYLATION","Factor6",0.00339075046604986,0.0248825546053874,"positive","Transcriptomics"
"GOBP_APOPTOTIC_PROCESS","Factor6",0.00340201847446708,0.0249115546356138,"positive","Transcriptomics"
"GOBP_INTERLEUKIN_4_PRODUCTION","Factor6",0.00346098869688655,0.0252348319334019,"positive","Transcriptomics"
"GOBP_MONOSACCHARIDE_BIOSYNTHETIC_PROCESS","Factor6",0.00347744876944036,0.0253006689315052,"positive","Transcriptomics"
"GOBP_REGULATION_OF_MACROPHAGE_DIFFERENTIATION","Factor6",0.00350593338791236,0.0254535249165066,"positive","Transcriptomics"
"GOBP_EPITHELIAL_CELL_APOPTOTIC_PROCESS","Factor6",0.00356770656859567,0.0257940166790678,"positive","Transcriptomics"
"GOBP_REGULATION_OF_OSTEOBLAST_DIFFERENTIATION","Factor6",0.00357025810041034,0.0257940166790678,"positive","Transcriptomics"
"GOBP_FILOPODIUM_ASSEMBLY","Factor6",0.00370845643277519,0.0266961821429165,"positive","Transcriptomics"
"GOBP_REGULATION_OF_INFLAMMATORY_RESPONSE_TO_ANTIGENIC_STIMULUS","Factor6",0.00372677300832053,0.0267714390154671,"positive","Transcriptomics"
"GOBP_NEURON_PROJECTION_EXTENSION_INVOLVED_IN_NEURON_PROJECTION_GUIDANCE","Factor6",0.00378925890220146,0.0271630032884126,"positive","Transcriptomics"
"GOBP_TRANSFORMING_GROWTH_FACTOR_BETA1_PRODUCTION","Factor6",0.00383173502814984,0.0272381164318376,"positive","Transcriptomics"
"GOBP_CHEMOKINE_PRODUCTION","Factor6",0.00382452040792364,0.0272381164318376,"positive","Transcriptomics"
"GOBP_REGULATION_OF_INTRACELLULAR_SIGNAL_TRANSDUCTION","Factor6",0.00382085909873818,0.0272381164318376,"positive","Transcriptomics"
"GOBP_NEGATIVE_REGULATION_OF_HEMOPOIESIS","Factor6",0.00384869614320195,0.0272449279991739,"positive","Transcriptomics"
"GOBP_DETECTION_OF_LIGHT_STIMULUS","Factor6",0.00025131044412502,0.0276036149111514,"negative","Transcriptomics"
"GOBP_POSITIVE_REGULATION_OF_CANONICAL_WNT_SIGNALING_PATHWAY","Factor6",0.00398501660431166,0.0279772815209922,"positive","Transcriptomics"
"GOBP_REGULATION_OF_EPITHELIAL_CELL_APOPTOTIC_PROCESS","Factor6",0.00397884957697309,0.0279772815209922,"positive","Transcriptomics"
"GOBP_NEGATIVE_REGULATION_OF_IMMUNE_EFFECTOR_PROCESS","Factor6",0.00409173133168095,0.0285498876728968,"positive","Transcriptomics"
"GOBP_BIOLOGICAL_PROCESS_INVOLVED_IN_INTERACTION_WITH_HOST","Factor6",0.00410052385864952,0.0285527274820074,"positive","Transcriptomics"
"GOBP_EXPORT_FROM_CELL","Factor6",0.00420836150422704,0.0292438182079451,"positive","Transcriptomics"
"GOBP_POSITIVE_REGULATION_OF_LEUKOCYTE_CHEMOTAXIS","Factor6",0.00425465916282854,0.0294453545720146,"positive","Transcriptomics"
"GOBP_POSITIVE_REGULATION_OF_INTERLEUKIN_4_PRODUCTION","Factor6",0.00432685839036689,0.029884285637321,"positive","Transcriptomics"
"GOBP_POSITIVE_REGULATION_OF_OSTEOBLAST_DIFFERENTIATION","Factor6",0.00434924467219111,0.0299780933376735,"positive","Transcriptomics"
"GOBP_RESPONSE_TO_ETHANOL","Factor6",0.00445382836229527,0.0305136530656245,"positive","Transcriptomics"
"GOBP_CYTOKINE_MEDIATED_SIGNALING_PATHWAY","Factor6",0.00448917163048943,0.0306940349434067,"positive","Transcriptomics"
"GOBP_LEUKOCYTE_DEGRANULATION","Factor6",0.00457948208616229,0.0312487705478609,"positive","Transcriptomics"
"GOBP_REGULATION_OF_PHOSPHORUS_METABOLIC_PROCESS","Factor6",0.00467081207212598,0.0317447407297185,"positive","Transcriptomics"
"GOBP_ACUTE_INFLAMMATORY_RESPONSE","Factor6",0.0046687455872782,0.0317447407297185,"positive","Transcriptomics"
"GOBP_LYMPHOCYTE_ACTIVATION_INVOLVED_IN_IMMUNE_RESPONSE","Factor6",0.00469079582734868,0.0318170513787296,"positive","Transcriptomics"
"GOBP_MONOCYTE_CHEMOTAXIS","Factor6",0.00477987245711115,0.032228644983096,"positive","Transcriptomics"
"GOBP_REGULATION_OF_HOMOTYPIC_CELL_CELL_ADHESION","Factor6",0.00477653055306676,0.032228644983096,"positive","Transcriptomics"
"GOBP_REGULATION_OF_GLYCOPROTEIN_METABOLIC_PROCESS","Factor6",0.00482436776845304,0.0324643720387008,"positive","Transcriptomics"
"GOBP_POSITIVE_REGULATION_OF_EPITHELIAL_TO_MESENCHYMAL_TRANSITION","Factor6",0.0049080378042979,0.0329622657270894,"positive","Transcriptomics"
"GOBP_RESPONSE_TO_ACID_CHEMICAL","Factor6",0.00492232314183677,0.0329931305077838,"positive","Transcriptomics"
"GOBP_CELL_SUBSTRATE_JUNCTION_ORGANIZATION","Factor6",0.00498757660409564,0.0333648297385966,"positive","Transcriptomics"
"GOBP_EYE_MORPHOGENESIS","Factor6",0.00508630800436438,0.0338259350680873,"positive","Transcriptomics"
"GOBP_REGULATION_OF_PROGRAMMED_CELL_DEATH","Factor6",0.00507829214995439,0.0338259350680873,"positive","Transcriptomics"
"GOBP_RESPONSE_TO_HORMONE","Factor6",0.00510603333431573,0.0338909230084699,"positive","Transcriptomics"
"GOBP_CELLULAR_DEFENSE_RESPONSE","Factor6",0.0051622631998097,0.0341974828703347,"positive","Transcriptomics"
"GOBP_DIGESTIVE_TRACT_MORPHOGENESIS","Factor6",0.00518585769972524,0.0342206307510939,"positive","Transcriptomics"
"GOBP_DETECTION_OF_EXTERNAL_BIOTIC_STIMULUS","Factor6",0.0052485169228287,0.0345003863363547,"positive","Transcriptomics"
"GOCC_CELL_SUBSTRATE_JUNCTION","Factor6",0.00524738861973211,0.0345003863363547,"positive","Transcriptomics"
"GOBP_NEGATIVE_REGULATION_OF_LYMPHOCYTE_ACTIVATION","Factor6",0.00537546033130524,0.0349970218510408,"positive","Transcriptomics"
"GOBP_POSITIVE_REGULATION_OF_RECEPTOR_MEDIATED_ENDOCYTOSIS","Factor6",0.00534540637926818,0.0349970218510408,"positive","Transcriptomics"
"GOCC_GOLGI_CISTERNA","Factor6",0.00537058373024018,0.0349970218510408,"positive","Transcriptomics"
"GOBP_T_CELL_SELECTION","Factor6",0.00538899094932503,0.0350181568367399,"positive","Transcriptomics"
"GOBP_REGULATION_OF_MYELOID_LEUKOCYTE_MEDIATED_IMMUNITY","Factor6",0.00541193541934045,0.0351002668625795,"positive","Transcriptomics"
"GOBP_ESTABLISHMENT_OF_RNA_LOCALIZATION","Factor6",0.00035153456624279,0.0352051528840205,"negative","Transcriptomics"
"GOBP_CELL_RECOGNITION","Factor6",0.00548469163254802,0.0353700284258069,"positive","Transcriptomics"
"GOBP_MULTICELLULAR_ORGANISMAL_LEVEL_HOMEOSTASIS","Factor6",0.00547860287081527,0.0353700284258069,"positive","Transcriptomics"
"GOMF_COPPER_ION_BINDING","Factor6",0.00553110366046327,0.0356019054137569,"positive","Transcriptomics"
"GOBP_LEUKOTRIENE_METABOLIC_PROCESS","Factor6",0.00558957715619774,0.0358427687699685,"positive","Transcriptomics"
"GOBP_MYELOID_LEUKOCYTE_MEDIATED_IMMUNITY","Factor6",0.0055819811661827,0.0358427687699685,"positive","Transcriptomics"
"GOBP_RESPONSE_TO_LIPID","Factor6",0.00563204469545923,0.0359121951086867,"positive","Transcriptomics"
"GOBP_DENDRITIC_CELL_MIGRATION","Factor6",0.00572717512730022,0.0364505258102005,"positive","Transcriptomics"
"GOBP_RECEPTOR_LOCALIZATION_TO_SYNAPSE","Factor6",0.00576504228260786,0.0366230764408205,"positive","Transcriptomics"
"GOBP_SUPEROXIDE_ANION_GENERATION","Factor6",0.00587169246654207,0.0372311226230461,"positive","Transcriptomics"
"GOBP_CHOLESTEROL_EFFLUX","Factor6",0.00588487444731018,0.0372453485001695,"positive","Transcriptomics"
"GOBP_MESENCHYMAL_CELL_DIFFERENTIATION","Factor6",0.00592375109515815,0.0374218413339768,"positive","Transcriptomics"
"GOBP_DEFENSE_RESPONSE_TO_GRAM_NEGATIVE_BACTERIUM","Factor6",0.00596436518446726,0.0375391191369889,"positive","Transcriptomics"
"GOBP_COMPLEMENT_ACTIVATION_CLASSICAL_PATHWAY","Factor6",0.00613297432521055,0.0384581539177567,"positive","Transcriptomics"
"GOBP_DEVELOPMENTAL_GROWTH_INVOLVED_IN_MORPHOGENESIS","Factor6",0.00618202930238539,0.0386945032621733,"positive","Transcriptomics"
"GOMF_OXIDOREDUCTASE_ACTIVITY_ACTING_ON_NAD_P_H","Factor6",0.000409406945879457,0.0387230736310987,"negative","Transcriptomics"
"GOBP_OSTEOCLAST_DIFFERENTIATION","Factor6",0.00625472666571119,0.0390776959573332,"positive","Transcriptomics"
"GOMF_MONOSACCHARIDE_BINDING","Factor6",0.00626971113404985,0.0390995721821241,"positive","Transcriptomics"
"GOBP_FIBROBLAST_PROLIFERATION","Factor6",0.00633539616875317,0.0393650072164316,"positive","Transcriptomics"
"GOBP_NEGATIVE_REGULATION_OF_CELLULAR_RESPONSE_TO_GROWTH_FACTOR_STIMULUS","Factor6",0.00637697031966743,0.0394792435244865,"positive","Transcriptomics"
"GOBP_EMBRYO_IMPLANTATION","Factor6",0.00646399101527008,0.0397514663489204,"positive","Transcriptomics"
"GOBP_REGULATION_OF_PROTEOLYSIS","Factor6",0.00646763945882582,0.0397514663489204,"positive","Transcriptomics"
"GOBP_LIPID_MODIFICATION","Factor6",0.000463773856556778,0.0405752410347052,"negative","Transcriptomics"
"GOCC_MITOCHONDRIAL_ENVELOPE","Factor6",0.000464738443569311,0.0405752410347052,"negative","Transcriptomics"
"GOBP_REGULATION_OF_CARBOHYDRATE_BIOSYNTHETIC_PROCESS","Factor6",0.00668725334814752,0.0408798880618354,"positive","Transcriptomics"
"GOBP_RESPONSE_TO_ORGANOPHOSPHORUS","Factor6",0.006701208319219,0.0408917819479224,"positive","Transcriptomics"
"GOBP_NEGATIVE_REGULATION_OF_NON_CANONICAL_NF_KAPPAB_SIGNAL_TRANSDUCTION","Factor6",0.00682053569481946,0.0412503091311905,"positive","Transcriptomics"
"GOBP_TRABECULA_MORPHOGENESIS","Factor6",0.0068095191164768,0.0412503091311905,"positive","Transcriptomics"
"GOBP_LOCALIZATION_WITHIN_MEMBRANE","Factor6",0.00693229071569468,0.0417777874105139,"positive","Transcriptomics"
"GOBP_INTERLEUKIN_12_PRODUCTION","Factor6",0.00696755672113353,0.0419161318647697,"positive","Transcriptomics"
"GOMF_SERINE_TYPE_ENDOPEPTIDASE_INHIBITOR_ACTIVITY","Factor6",0.00699174770591409,0.0419874796095899,"positive","Transcriptomics"
"GOBP_REGULATION_OF_FILOPODIUM_ASSEMBLY","Factor6",0.00701565723663315,0.0420521479697518,"positive","Transcriptomics"
"GOMF_OXIDOREDUCTASE_ACTIVITY","Factor6",0.00703956662048709,0.0420521479697518,"positive","Transcriptomics"
"GOCC_CILIARY_MEMBRANE","Factor6",0.000499674442904491,0.0425347869522448,"negative","Transcriptomics"
"GOBP_ATP_METABOLIC_PROCESS","Factor6",0.00054586280696574,0.0427108779079765,"negative","Transcriptomics"
"GOBP_CELLULAR_RESPONSE_TO_TOXIC_SUBSTANCE","Factor6",0.000557977169063497,0.0427108779079765,"negative","Transcriptomics"
"GOBP_PHOTOTRANSDUCTION","Factor6",0.000564460941515108,0.0427108779079765,"negative","Transcriptomics"
"GOBP_VESICLE_ORGANIZATION","Factor6",0.00716272694850947,0.0427129339048594,"positive","Transcriptomics"
"GOMF_CARBOXYPEPTIDASE_ACTIVITY","Factor6",0.00724869223010628,0.0431499948313145,"positive","Transcriptomics"
"GOMF_AMINOPEPTIDASE_ACTIVITY","Factor6",0.00732401896760837,0.0435223116661544,"positive","Transcriptomics"
"GOBP_MAINTENANCE_OF_LOCATION","Factor6",0.00736816562146822,0.0435603889681476,"positive","Transcriptomics"
"GOBP_REGULATION_OF_INSULIN_RECEPTOR_SIGNALING_PATHWAY","Factor6",0.00749178091995903,0.044134107322596,"positive","Transcriptomics"
"GOBP_HOMEOSTASIS_OF_NUMBER_OF_CELLS","Factor6",0.00755037394285824,0.0444024581613684,"positive","Transcriptomics"
"GOBP_POSITIVE_REGULATION_OF_WNT_SIGNALING_PATHWAY","Factor6",0.00768295673640519,0.0451042546335512,"positive","Transcriptomics"
"GOBP_REGULATION_OF_CELL_KILLING","Factor6",0.0078706806417321,0.045857700198354,"positive","Transcriptomics"
"GOBP_ACUTE_INFLAMMATORY_RESPONSE_TO_ANTIGENIC_STIMULUS","Factor6",0.00791903897698448,0.045857700198354,"positive","Transcriptomics"
"GOBP_NEURON_PROJECTION_EXTENSION","Factor6",0.0079090387564275,0.045857700198354,"positive","Transcriptomics"
"GOBP_POSITIVE_REGULATION_OF_CHEMOKINE_PRODUCTION","Factor6",0.00790319006466099,0.045857700198354,"positive","Transcriptomics"
"GOBP_REGULATION_OF_RECEPTOR_INTERNALIZATION","Factor6",0.00789224789166096,0.045857700198354,"positive","Transcriptomics"
"GOMF_METALLOCARBOXYPEPTIDASE_ACTIVITY","Factor6",0.00790954324486613,0.045857700198354,"positive","Transcriptomics"
"GOBP_POSITIVE_REGULATION_OF_MYELOID_LEUKOCYTE_DIFFERENTIATION","Factor6",0.00804463937544398,0.046348556807761,"positive","Transcriptomics"
"GOBP_DETECTION_OF_MOLECULE_OF_BACTERIAL_ORIGIN","Factor6",0.00808505742672806,0.0463642669306047,"positive","Transcriptomics"
"GOBP_REGULATION_OF_CANONICAL_WNT_SIGNALING_PATHWAY","Factor6",0.00814914373341039,0.0465567691480912,"positive","Transcriptomics"
"GOBP_POSITIVE_REGULATION_OF_PHOSPHATIDYLINOSITOL_3_KINASE_ACTIVITY","Factor6",0.0081676961576064,0.0465845986878556,"positive","Transcriptomics"
"GOBP_TISSUE_MIGRATION","Factor6",0.00824754447321118,0.0468048148854735,"positive","Transcriptomics"
"GOBP_INTEGRIN_ACTIVATION","Factor6",0.00833248933129318,0.0471297776961018,"positive","Transcriptomics"
"GOMF_MOLECULAR_FUNCTION_ACTIVATOR_ACTIVITY","Factor6",0.00831869459400678,0.0471297776961018,"positive","Transcriptomics"
"GOBP_B_CELL_MEDIATED_IMMUNITY","Factor6",0.00842575269621526,0.0475048863403826,"positive","Transcriptomics"
"GOBP_CELL_CELL_SIGNALING_BY_WNT","Factor6",0.00843703946395376,0.0475048863403826,"positive","Transcriptomics"
"GOBP_ANTIGEN_PROCESSING_AND_PRESENTATION_OF_PEPTIDE_ANTIGEN","Factor6",0.00883935165264404,0.0492216472088362,"positive","Transcriptomics"
"GOBP_BONE_REMODELING","Factor6",0.00887828379690164,0.0493157525749594,"positive","Transcriptomics"
"GOBP_GLUCOSE_METABOLIC_PROCESS","Factor6",0.00890479964966883,0.0493824801418931,"positive","Transcriptomics"
"GOBP_VIRAL_LIFE_CYCLE","Factor6",0.00892254463418059,0.0494004300477803,"positive","Transcriptomics"
"GOMF_COLLAGEN_BINDING","Factor7",6.44900241606695e-08,0.00021958853226708,"positive","Transcriptomics"
"GOBP_REGULATION_OF_RESPONSE_TO_ENDOPLASMIC_RETICULUM_STRESS","Factor7",4.70125389836706e-06,0.00800388476196992,"positive","Transcriptomics"
"GOBP_POSITIVE_REGULATION_OF_CANONICAL_WNT_SIGNALING_PATHWAY","Factor7",2.78043493528555e-06,0.0094673809546473,"negative","Transcriptomics"
"GOCC_COLLAGEN_CONTAINING_EXTRACELLULAR_MATRIX","Factor7",1.70234591043498e-05,0.0157353861549929,"positive","Transcriptomics"
"RUBENSTEIN_SKELETAL_MUSCLE_FBN1_FAP_CELLS","Factor7",1.84850351306818e-05,0.0157353861549929,"positive","Transcriptomics"
"GOCC_COPII_COATED_ER_TO_GOLGI_TRANSPORT_VESICLE","Factor7",2.85849653480363e-05,0.0162219678350106,"positive","Transcriptomics"
"GOCC_ENDOPLASMIC_RETICULUM_LUMEN","Factor7",2.80304118122313e-05,0.0162219678350106,"positive","Transcriptomics"
"GOMF_EXTRACELLULAR_MATRIX_STRUCTURAL_CONSTITUENT","Factor7",4.00672954281603e-05,0.0194898772761266,"positive","Transcriptomics"
"GOMF_OXIDOREDUCTASE_ACTIVITY_ACTING_ON_THE_CH_CH_GROUP_OF_DONORS","Factor7",1.3955411775561e-05,0.0237590885478926,"negative","Transcriptomics"
"GOCC_EXTERNAL_ENCAPSULATING_STRUCTURE","Factor7",7.03734968152944e-05,0.0299527195820097,"positive","Transcriptomics"
"GOMF_CORECEPTOR_ACTIVITY","Factor7",3.78956303030727e-05,0.0430115403939875,"negative","Transcriptomics"
"RUBENSTEIN_SKELETAL_MUSCLE_FBN1_FAP_CELLS","Factor8",5.3209383342069e-08,0.000181177950279745,"negative","Transcriptomics"
"RUBENSTEIN_SKELETAL_MUSCLE_FAP_CELLS","Factor8",2.27581236588769e-06,0.0038745705529238,"negative","Transcriptomics"
"GOMF_EXTRACELLULAR_MATRIX_STRUCTURAL_CONSTITUENT_CONFERRING_TENSILE_STRENGTH","Factor8",1.38474629841877e-06,0.00471506114611592,"positive","Transcriptomics"
"GOCC_CONTRACTILE_FIBER","Factor9",1.10057568173936e-09,3.74746019632252e-06,"positive","Transcriptomics"
"GOBP_MUSCLE_ORGAN_DEVELOPMENT","Factor9",6.66040753953399e-08,0.000113393438360566,"positive","Transcriptomics"
"GOCC_I_BAND","Factor9",2.50000139758341e-07,0.000283750158625717,"positive","Transcriptomics"
"GOBP_SCHWANN_CELL_DEVELOPMENT","Factor9",9.10596258556431e-08,0.000310058026038465,"negative","Transcriptomics"
"GOBP_ERBB_SIGNALING_PATHWAY","Factor9",2.89517990482758e-07,0.000476367673843916,"negative","Transcriptomics"
"GOBP_SCHWANN_CELL_DIFFERENTIATION","Factor9",4.19707201624595e-07,0.000476367673843916,"negative","Transcriptomics"
"GOBP_STRIATED_MUSCLE_ADAPTATION","Factor9",1.09597652762381e-06,0.00093295001913977,"positive","Transcriptomics"
"GOBP_CHONDROITIN_SULFATE_PROTEOGLYCAN_METABOLIC_PROCESS","Factor9",1.20694653742454e-06,0.00102741323998264,"negative","Transcriptomics"
"GOBP_MUSCLE_STRUCTURE_DEVELOPMENT","Factor9",1.9050320035779e-06,0.00129732679443655,"positive","Transcriptomics"
"GOBP_MUSCLE_SYSTEM_PROCESS","Factor9",3.55824106404653e-06,0.0020193018038464,"positive","Transcriptomics"
"GOBP_GLIAL_CELL_DEVELOPMENT","Factor9",3.73149290827051e-06,0.00211762222544351,"negative","Transcriptomics"
"GOBP_RESPONSE_TO_CAMP","Factor9",3.44318030630398e-06,0.00211762222544351,"negative","Transcriptomics"
"GOBP_REGULATION_OF_MACROPHAGE_CHEMOTAXIS","Factor9",5.08653845175592e-06,0.00247423763260413,"negative","Transcriptomics"
"GOBP_CHONDROITIN_SULFATE_PROTEOGLYCAN_BIOSYNTHETIC_PROCESS","Factor9",6.47895419680425e-06,0.00275760488001481,"negative","Transcriptomics"
"GOBP_MUSCLE_ADAPTATION","Factor9",8.9511085228911e-06,0.0033865027244938,"positive","Transcriptomics"
"GOBP_SKELETAL_MUSCLE_ADAPTATION","Factor9",7.07123665723083e-06,0.0033865027244938,"positive","Transcriptomics"
"GOBP_STRIATED_MUSCLE_CONTRACTION","Factor9",8.56924602417145e-06,0.0033865027244938,"positive","Transcriptomics"
"GOBP_CELL_SUBSTRATE_JUNCTION_ORGANIZATION","Factor9",9.57936130458862e-06,0.00355107372529641,"negative","Transcriptomics"
"GOBP_ENSHEATHMENT_OF_NEURONS","Factor9",1.3238731016922e-05,0.00355107372529641,"negative","Transcriptomics"
"GOBP_LONG_TERM_SYNAPTIC_POTENTIATION","Factor9",1.35576970422477e-05,0.00355107372529641,"negative","Transcriptomics"
"GOBP_NEGATIVE_REGULATION_OF_CELLULAR_RESPONSE_TO_GROWTH_FACTOR_STIMULUS","Factor9",1.06770707421792e-05,0.00355107372529641,"negative","Transcriptomics"
"GOBP_REGULATION_OF_GROWTH","Factor9",1.2310649898548e-05,0.00355107372529641,"negative","Transcriptomics"
"GOBP_GROWTH","Factor9",1.75954454502087e-05,0.00427946369699718,"negative","Transcriptomics"
"GOBP_REGULATION_OF_CELL_GROWTH","Factor9",2.11327449655677e-05,0.00479713310718386,"negative","Transcriptomics"
"GOBP_CELL_GROWTH","Factor9",2.97606867544864e-05,0.00633344614993914,"negative","Transcriptomics"
"GOBP_MUSCLE_CELL_DEVELOPMENT","Factor9",1.93883960790863e-05,0.00660174886492888,"positive","Transcriptomics"
"GOBP_SMAD_PROTEIN_SIGNAL_TRANSDUCTION","Factor9",2.25287163279343e-05,0.00697366173605603,"positive","Transcriptomics"
"GOBP_VENTRICULAR_CARDIAC_MUSCLE_TISSUE_MORPHOGENESIS","Factor9",2.48350090234633e-05,0.00704693381040772,"positive","Transcriptomics"
"GOBP_REGULATION_OF_NEUROTRANSMITTER_RECEPTOR_ACTIVITY","Factor9",3.78326833143844e-05,0.00757766392267522,"negative","Transcriptomics"
"GOBP_NEGATIVE_REGULATION_OF_OSSIFICATION","Factor9",4.45876537595337e-05,0.00843449783617846,"negative","Transcriptomics"
"GOBP_POSITIVE_REGULATION_OF_NITRIC_OXIDE_METABOLIC_PROCESS","Factor9",5.96982326090233e-05,0.0106985516859855,"negative","Transcriptomics"
"GOBP_HEART_PROCESS","Factor9",4.33752003177191e-05,0.0113609659293718,"positive","Transcriptomics"
"GOBP_PEPTIDYL_TYROSINE_MODIFICATION","Factor9",7.20776806834307e-05,0.0122712251363541,"negative","Transcriptomics"
"GOBP_REGULATION_OF_ERBB_SIGNALING_PATHWAY","Factor9",8.3245996321709e-05,0.0123240268467574,"negative","Transcriptomics"
"GOBP_REGULATION_OF_PROTEIN_TYROSINE_KINASE_ACTIVITY","Factor9",8.07400363158353e-05,0.0123240268467574,"negative","Transcriptomics"
"GOMF_INSULIN_LIKE_GROWTH_FACTOR_BINDING","Factor9",8.2538632579311e-05,0.0123240268467574,"negative","Transcriptomics"
"GOBP_REGULATION_OF_MORPHOGENESIS_OF_AN_EPITHELIUM","Factor9",8.69246521660541e-05,0.0123324350260589,"negative","Transcriptomics"
"GOBP_OOCYTE_DIFFERENTIATION","Factor9",9.10484658208852e-05,0.0124008010448046,"negative","Transcriptomics"
"GOBP_CARDIAC_MUSCLE_CONTRACTION","Factor9",5.27812280893282e-05,0.0126369509881517,"positive","Transcriptomics"
"GOBP_SKELETAL_MUSCLE_ORGAN_DEVELOPMENT","Factor9",5.56693876130032e-05,0.0126369509881517,"positive","Transcriptomics"
"GOBP_POSITIVE_REGULATION_OF_EXCITATORY_POSTSYNAPTIC_POTENTIAL","Factor9",0.000107930285623473,0.0141347162518433,"negative","Transcriptomics"
"GOCC_EXTERNAL_ENCAPSULATING_STRUCTURE","Factor9",0.000113609660026745,0.0143274404589283,"negative","Transcriptomics"
"GOBP_GLIOGENESIS","Factor9",0.000122042133797901,0.0148411951993519,"negative","Transcriptomics"
"GOBP_REGULATION_OF_NITRIC_OXIDE_METABOLIC_PROCESS","Factor9",0.000146880910171656,0.017245844797741,"negative","Transcriptomics"
"GOBP_CELL_SUBSTRATE_ADHESION","Factor9",0.000169300466150244,0.0174687299164116,"negative","Transcriptomics"
"GOBP_FOCAL_ADHESION_ASSEMBLY","Factor9",0.000160260118274244,0.0174687299164116,"negative","Transcriptomics"
"GOBP_NEGATIVE_REGULATION_OF_GROWTH","Factor9",0.000164171420934813,0.0174687299164116,"negative","Transcriptomics"
"GOBP_RESPONSE_TO_OXYGEN_CONTAINING_COMPOUND","Factor9",0.000162720305499642,0.0174687299164116,"negative","Transcriptomics"
"GOBP_CELLULAR_RESPONSE_TO_OXYGEN_CONTAINING_COMPOUND","Factor9",0.000176067272211622,0.0176326194670757,"negative","Transcriptomics"
"GOBP_LIVER_MORPHOGENESIS","Factor9",0.000194908350811888,0.018435081514291,"negative","Transcriptomics"
"GOBP_REGULATION_OF_LYMPHOCYTE_MIGRATION","Factor9",0.000193805751129485,0.018435081514291,"negative","Transcriptomics"
"GOBP_MACROPHAGE_CHEMOTAXIS","Factor9",0.000219293499178631,0.0196498517027168,"negative","Transcriptomics"
"GOBP_NEGATIVE_REGULATION_OF_PEPTIDYL_TYROSINE_PHOSPHORYLATION","Factor9",0.000216507353227756,0.0196498517027168,"negative","Transcriptomics"
"GOBP_EXTRACELLULAR_MATRIX_ASSEMBLY","Factor9",0.000226565861382666,0.0197809425130251,"negative","Transcriptomics"
"GOBP_MUSCLE_CONTRACTION","Factor9",9.65279033800947e-05,0.0205423444380764,"positive","Transcriptomics"
"GOBP_HEPATICOBILIARY_SYSTEM_DEVELOPMENT","Factor9",0.000266372712471026,0.0226749771490961,"negative","Transcriptomics"
"GOCC_FICOLIN_1_RICH_GRANULE_LUMEN","Factor9",0.000280902280276168,0.0233285918131794,"negative","Transcriptomics"
"GOBP_POSITIVE_REGULATION_OF_CELL_GROWTH","Factor9",0.000299563340820038,0.0242860279879102,"negative","Transcriptomics"
"GOBP_ENZYME_LINKED_RECEPTOR_PROTEIN_SIGNALING_PATHWAY","Factor9",0.000332181051695979,0.0257062836596547,"negative","Transcriptomics"
"GOBP_REGULATION_OF_PEPTIDYL_TYROSINE_PHOSPHORYLATION","Factor9",0.000327214414247908,0.0257062836596547,"negative","Transcriptomics"
"GOBP_NEGATIVE_REGULATION_OF_SIGNALING","Factor9",0.000355977886193816,0.0263501022280423,"negative","Transcriptomics"
"GOBP_REGULATION_OF_SIGNALING_RECEPTOR_ACTIVITY","Factor9",0.000349640155960483,0.0263501022280423,"negative","Transcriptomics"
"GOBP_REGULATION_OF_STRIATED_MUSCLE_CONTRACTION","Factor9",0.000138439764021333,0.02772867038192,"positive","Transcriptomics"
"GOBP_CARDIAC_MUSCLE_TISSUE_MORPHOGENESIS","Factor9",0.000152920531618276,0.0289274672311239,"positive","Transcriptomics"
"GOBP_SARCOMERE_ORGANIZATION","Factor9",0.000164957622336573,0.0295621423187385,"positive","Transcriptomics"
"GOBP_POSITIVE_REGULATION_OF_MORPHOGENESIS_OF_AN_EPITHELIUM","Factor9",0.000426977731119319,0.0307953411462875,"negative","Transcriptomics"
"GOBP_TRANSMEMBRANE_RECEPTOR_PROTEIN_TYROSINE_KINASE_SIGNALING_PATHWAY","Factor9",0.000434119346555595,0.0307953411462875,"negative","Transcriptomics"
"GOBP_MUSCLE_TISSUE_DEVELOPMENT","Factor9",0.000182762531485148,0.0311153209853464,"positive","Transcriptomics"
"GOCC_TERTIARY_GRANULE_LUMEN","Factor9",0.000468064394906109,0.0325256992786796,"negative","Transcriptomics"
"GOBP_EXCITATORY_SYNAPSE_ASSEMBLY","Factor9",0.000516283092863008,0.0341469514500009,"negative","Transcriptomics"
"GOBP_INOSITOL_PHOSPHATE_BIOSYNTHETIC_PROCESS","Factor9",0.000531509082775344,0.0341469514500009,"negative","Transcriptomics"
"GOBP_POSTSYNAPTIC_SPECIALIZATION_ASSEMBLY","Factor9",0.000516283092863008,0.0341469514500009,"negative","Transcriptomics"
"GOBP_POSTSYNAPTIC_SPECIALIZATION_ORGANIZATION","Factor9",0.000530813621255299,0.0341469514500009,"negative","Transcriptomics"
"GOBP_MUSCLE_ORGAN_MORPHOGENESIS","Factor9",0.000286919189131159,0.0407066599579832,"positive","Transcriptomics"
"GOBP_REGULATION_OF_MUSCLE_SYSTEM_PROCESS","Factor9",0.000254316744046585,0.0407066599579832,"positive","Transcriptomics"
"GOBP_REGULATION_OF_THE_FORCE_OF_HEART_CONTRACTION","Factor9",0.000277454968932257,0.0407066599579832,"positive","Transcriptomics"
"GOBP_VENTRICULAR_CARDIAC_MUSCLE_TISSUE_DEVELOPMENT","Factor9",0.000264555207263312,0.0407066599579832,"positive","Transcriptomics"
"GOBP_INTEGRIN_MEDIATED_SIGNALING_PATHWAY","Factor9",0.000710261133560087,0.0433415441795909,"negative","Transcriptomics"
"GOBP_NEGATIVE_REGULATION_OF_WNT_SIGNALING_PATHWAY","Factor9",0.000712812474025577,0.0433415441795909,"negative","Transcriptomics"
"GOCC_ANCHORING_JUNCTION","Factor9",0.000707526480769277,0.0433415441795909,"negative","Transcriptomics"
"GOMF_BHLH_TRANSCRIPTION_FACTOR_BINDING","Factor9",0.00034150923231153,0.0465135574408303,"positive","Transcriptomics"
"GOBP_REGULATION_OF_MUSCLE_CONTRACTION","Factor9",0.000376348240105073,0.0492871445214528,"positive","Transcriptomics"
